ISDEntityM18,DIPMarketRole,1,F
DIP Market Role,DIP Role Description,Market Participant Role Code,Effective From Date {DIPRole},Effective To Date {DIPRole}
SDS,Smart Data Service,N,2024-01-01,
MDR,Meter Data Retriever,,2024-01-01,
EES,Electricity Enquiry Service,L,2024-01-01,
UMSO,Unmetered Supplies Operator,3,2024-01-01,
MSA,Metering Service Advanced,T,2024-01-01,
DCP,DIP Connection Provider,,2024-01-01,
DTS,Data Transfer Service,,2024-01-01,
SMSO,Smart Meter System Operator,5,2024-01-01,
UMSDS,Unmetered Data Service,Q,2024-01-01,
ADS,Advanced Data Service,O,2024-01-01,
DCC,Data Communications Co.,,2024-01-01,
CSS,Central Switching Service,,2024-01-01,
ISD,Industry Standing Data,G,2024-01-01,
MAP,Meter Asset Provider,8,2024-01-01,
SUP,Supplier,X,2024-01-01,
DIP,Data Integration Platform,,2024-01-01,
LSS,Load Shaping Service,G,2024-01-01,
LDSO,Licenced Distribution System Operator,R,2024-01-01,
MSS,Metering Service Smart,S,2024-01-01,
MDS,Marketwide Data Service,G,2024-01-01,
REGS,Registration Service,P,2024-01-01,
VAS,Volume Allocation Service,G,2024-01-01,
MRS,Meter Reading Service,,2024-01-01,
