ISDEntityM3,LineLossFactorIdentifier,1,F
Market Participant ID,Line Loss Factor Identifier,LLF ID Description,MS Specific LLF ID Indicator,Effective From Settlement Date {LLF ID},Effective To Settlement Date {LLF ID}
EELC,458,QRRNDN - Export,D,2024-04-01,
LOND,849,NR_WHI - Import,B,2024-04-01,
EELC,540,BNNSHL - Import,B,2024-04-01,
EELC,529,WIGGIN - Import,B,2024-04-01,
EELC,759,HGHFLD - Export,D,2024-04-01,
SOUT,772,EHV_SSP_772,B,2024-04-01,
EELC,528,STOSTH - Import,B,2024-04-01,
ETCL,LL3,LV Substation Import,A,2024-04-01,
EELC,725,NR_RAY - Export,D,2024-04-01,
SOUT,890,EHV_SSP_890,B,2024-04-01,
ETCL,NL3,LV Substation Import,A,2024-04-01,
SOUT,Y04,EHV_SSP_Y04,B,2024-04-01,
EELC,429,CAVDRD - Import,B,2024-04-01,
SEEB,870,GAT_BF - Import,B,2024-04-01,
SOUT,450,EG_SSP_450,D,2024-04-01,
SOUT,Z05,EG_SSP_Z05,D,2024-04-01,
SOUT,881,EHV_SSP_881,B,2024-04-01,
SOUT,403,EG_SSP_403,D,2024-04-01,
SOUT,679,EHV_SSP_679,B,2024-04-01,
SOUT,766,EHV_SSP_766,B,2024-04-01,
EELC,881,ELLOSF - Import,B,2024-04-01,
SEEB,800,NEWHVN - Import,B,2024-04-01,
EELC,704,LONWST - Export,D,2024-04-01,
EELC,855,NR_SED - Import,B,2024-04-01,
EELC,438,CLFFQY - Export,D,2024-04-01,
EELC,410,BREFC2 - Export,D,2024-04-01,
SOUT,883,EHV_SSP_883,B,2024-04-01,
SOUT,Z26,EG_SSP_Z26,D,2024-04-01,
SOUT,GL3,LV Substation Import,A,2024-04-01,
EELC,510,EXNING - Import,B,2024-04-01,
SOUT,621,EG_SSP_621,D,2024-04-01,
EELC,843,NR_CRW - Import,B,2024-04-01,
EELC,730,MINGAY - Export,D,2024-04-01,
SOUT,JL2,LV Network Export,C,2024-04-01,
SOUT,Y11,EHV_SSP_Y11,B,2024-04-01,
SEEB,743,FRWOOD - Export,D,2024-04-01,
LOND,844,NR_WIM - Import,B,2024-04-01,
ETCL,LH1,HV Network Import,A,2024-04-01,
SEEB,824,HORAMS - Import,B,2024-04-01,
SOUT,KL2,LV Network Export,C,2024-04-01,
SOUT,LL1,LV Network Import,A,2024-04-01,
SOUT,460,EHV_SSP_460,B,2024-04-01,
SOUT,776,EHV_SSP_776,B,2024-04-01,
SEEB,697,GLASSN - Export,D,2024-04-01,
ETCL,FL3,LV Substation Import,A,2024-04-01,
SEEB,887,WRGALL - Import,B,2024-04-01,
EELC,415,THORNM - Export,D,2024-04-01,
SOUT,629,EG_SSP_629,D,2024-04-01,
EELC,840,NR_BAS - Import,B,2024-04-01,
ETCL,BH1,HV Network Import,A,2024-04-01,
SOUT,700,HV_SSP_700,B,2024-04-01,
SOUT,970,EG_SSP_970,D,2024-04-01,
SOUT,709,HV_SSP_709,B,2024-04-01,
EELC,655,CHPLOW - Export,D,2024-04-01,
SOUT,848,EHV_SSP_848,B,2024-04-01,
SOUT,918,EG_SSP_918,D,2024-04-01,
EELC,816,FIBEYE - Import,B,2024-04-01,
EELC,862,RAINHM - Import,B,2024-04-01,
EELC,483,RAINDC - Import,B,2024-04-01,
EELC,746,BGWDWF - Export,D,2024-04-01,
SEEB,884,THAMES - Import,B,2024-04-01,
SEEB,867,NR_TUN - Import,B,2024-04-01,
EELC,681,VINESF - Export,D,2024-04-01,
SOUT,988,EG_SSP_988,D,2024-04-01,
SOUT,787,EG_SSP_787,D,2024-04-01,
EELC,790,FLYFRM - Export,D,2024-04-01,
SOUT,Z06,EG_SSP_Z06,D,2024-04-01,
EELC,812,EPRSUT - Import,B,2024-04-01,
EELC,784,BSGBRN - Export,D,2024-04-01,
SEEB,868,AYLESF - Import,B,2024-04-01,
SOUT,846,EHV_SSP_846,B,2024-04-01,
SOUT,852,EHV_SSP_852,B,2024-04-01,
SOUT,827,EHV_SSP_827,B,2024-04-01,
SOUT,825,EHV_SSP_825,B,2024-04-01,
SOUT,Y08,EHV_SSP_Y08,B,2024-04-01,
EELC,804,BPA_CO - Import,B,2024-04-01,
EELC,714,RANSON - Export,D,2024-04-01,
SEEB,899,PRIORS - Import,B,2024-04-01,
SEEB,732,THAMES - Export,D,2024-04-01,
SOUT,841,EHV_SSP_841,B,2024-04-01,
ETCL,CL1,LV Network Import,A,2024-04-01,
EELC,539,BLCAMB - Import,B,2024-04-01,
ETCL,KL1,LV Network Import,A,2024-04-01,
ETCL,CL4,LV Substation Export,C,2024-04-01,
SOUT,635,EG_SSP_635,D,2024-04-01,
SOUT,EL4,LV Substation Export,C,2024-04-01,
SOUT,747,EG_EHV_SSP_747,D,2024-04-01,
SOUT,817,EHV_SSP_817,B,2024-04-01,
SOUT,670,EHV_SSP_670,B,2024-04-01,
LOND,854,21MOOR - Import,B,2024-04-01,
SEEB,883,STAREN - Import,B,2024-04-01,
SOUT,721,EHV_SSP_721,B,2024-04-01,
EELC,739,OUTWD2 - Export,D,2024-04-01,
EELC,648,LITSTA - Export,D,2024-04-01,
SOUT,Y36,EHV_SSP_Y36,B,2024-04-01,
EELC,477,GLXOW2 - Import,B,2024-04-01,
EELC,563,WRYDEC - Import,B,2024-04-01,
SOUT,855,EHV_SSP_855,B,2024-04-01,
SOUT,894,EHV_SSP_894,B,2024-04-01,
SOUT,997,EG_SSP_997,D,2024-04-01,
SOUT,Y24,EHV_SSP_Y24,B,2024-04-01,
LOND,809,TELEHW - Import,B,2024-04-01,
ETCL,BL2,LV Network Export,C,2024-04-01,
SEEB,713,BNTLEY - Export,D,2024-04-01,
EELC,507,BSGBRN - Import,B,2024-04-01,
SOUT,773,EN_J_SSP_773,B,2024-04-01,
SEEB,804,DSCPRK - Import,B,2024-04-01,
EELC,707,FIBEYE - Export,D,2024-04-01,
SOUT,BL1,LV Network Import,A,2024-04-01,
EELC,314,MLLFLD - Import,B,2024-04-01,
SEEB,862,NR_NOR - Import,B,2024-04-01,
SOUT,Y05,EHV_SSP_Y05,B,2024-04-01,
SEEB,750,THORNE - Export,D,2024-04-01,
EELC,578,SCMOOR - Import,B,2024-04-01,
SOUT,CL4,LV Substation Export,C,2024-04-01,
EELC,777,PRHMSF - Export,D,2024-04-01,
SOUT,692,EHV_SSP_692,B,2024-04-01,
SOUT,733,EHV_SSP_733,B,2024-04-01,
SOUT,951,EG_SSP_951,D,2024-04-01,
SOUT,689,EHV_SSP_689,B,2024-04-01,
SOUT,715,EHV_SSP_715,B,2024-04-01,
EELC,754,EGMRSF - Export,D,2024-04-01,
SEEB,747,LBOURN - Export,D,2024-04-01,
SEEB,742,BTBRKS - Export,D,2024-04-01,
LOND,CH3,HV Substation Import,A,2024-04-01,
EELC,351,OUTWD2 - Import,B,2024-04-01,
SOUT,Z09,EG_SSP_Z09,D,2024-04-01,
SOUT,Y40,EHV_SSP_Y40,B,2024-04-01,
SOUT,731,EHV_SSP_731,B,2024-04-01,
EELC,864,LU_MHO - Import,B,2024-04-01,
SOUT,799,EG_SSP_799,D,2024-04-01,
ETCL,DL4,LV Substation Export,C,2024-04-01,
EELC,729,NR_STW - Export,D,2024-04-01,
EELC,702,EDLMUC - Export,D,2024-04-01,
SEEB,733,THAEAR - Export,D,2024-04-01,
EELC,414,PARKFM - Export,D,2024-04-01,
SOUT,AL1,LV Network Import,A,2024-04-01,
LOND,804,LU_HOX - Import,B,2024-04-01,
SOUT,737,EG_SSP_737,D,2024-04-01,
SOUT,Y12,EHV_SSP_Y12,B,2024-04-01,
SOUT,CH2,HV Network Export,C,2024-04-01,
ETCL,PL3,LV Substation Import,A,2024-04-01,
SOUT,EL1,LV Network Import,A,2024-04-01,
EELC,677,ROYSTN - Export,D,2024-04-01,
EELC,649,ICGLTD - Export,D,2024-04-01,
EELC,302,BERDHF - Import,B,2024-04-01,
SEEB,856,NR_DOR - Import,B,2024-04-01,
EELC,AL2,LV Network Export,C,2024-04-01,
SEEB,696,BRELLE - Export,D,2024-04-01,
SOUT,716,EHV_SSP_716,B,2024-04-01,
SOUT,LL4,LV Substation Export,C,2024-04-01,
EELC,877,DRYHSE - Import,B,2024-04-01,
SOUT,730,EHV_SSP_730,B,2024-04-01,
SEEB,818,THORNE - Import,B,2024-04-01,
LOND,805,BRDGTE - Import,B,2024-04-01,
EELC,572,LYONSH - Import,B,2024-04-01,
EELC,699,UKPRST - Export,D,2024-04-01,
SEEB,JL2,LV Network Export,C,2024-04-01,
EELC,779,WAIRWF - Export,D,2024-04-01,
SEEB,811,FRWOOD - Import,B,2024-04-01,
EELC,845,NR_HOR - Import,B,2024-04-01,
EELC,865,GLASM2 - Import,B,2024-04-01,
SOUT,843,EHV_SSP_843,B,2024-04-01,
SOUT,850,EHV_SSP_850,B,2024-04-01,
SEEB,876,HANSTA - Import,B,2024-04-01,
SOUT,HE2,33kV Export,C,2024-04-01,
LOND,811,BISHPC - Import,B,2024-04-01,
EELC,878,DBLANE - Import,B,2024-04-01,
EELC,489,PRMFDS - Import,B,2024-04-01,
EELC,757,EYEWFM - Export,D,2024-04-01,
EELC,315,NEVEDN - Import,B,2024-04-01,
EELC,887,EBCKHM - Import,B,2024-04-01,
SOUT,BL3,LV Substation Import,A,2024-04-01,
SOUT,948,EG_SSP_948,D,2024-04-01,
SOUT,Y14,EHV_SSP_Y14,B,2024-04-01,
SEEB,853,NR_BYF - Import,B,2024-04-01,
SOUT,801,EHV_SSP_801,B,2024-04-01,
EELC,736,CTWDFM - Export,D,2024-04-01,
EELC,803,BOCTHA - Import,B,2024-04-01,
SEEB,785,POTMBS - Export,D,2024-04-01,
SOUT,809,EHV_SSP_809,B,2024-04-01,
SOUT,912,EG_SSP_912,D,2024-04-01,
SEEB,826,PSHLEY - Import,B,2024-04-01,
SOUT,882,EHV_SSP_882,B,2024-04-01,
SOUT,889,EHV_SSP_889,B,2024-04-01,
SEEB,716,CLYHLL - Export,D,2024-04-01,
SOUT,726,EHV_SSP_726,B,2024-04-01,
SOUT,887,EHV_SSP_887,B,2024-04-01,
EELC,457,BRCHGP - Export,D,2024-04-01,
ETCL,JL4,LV Substation Export,C,2024-04-01,
EELC,444,HDATTP - Export,D,2024-04-01,
SOUT,702,HV_SSP_702,B,2024-04-01,
SEEB,845,NEWRID - Import,B,2024-04-01,
SOUT,952,EG_SSP_952,D,2024-04-01,
SOUT,505,EHV_SSP_505,B,2024-04-01,
ETCL,HL2,LV Network Export,C,2024-04-01,
SEEB,700,NEWHVN - Export,D,2024-04-01,
EELC,475,FXDOYS - Import,B,2024-04-01,
SEEB,721,LCHEYI - Export,D,2024-04-01,
SOUT,992,EG_SSP_992,D,2024-04-01,
SOUT,HH3,HV Substation Import,A,2024-04-01,
SOUT,869,EHV_SSP_869,B,2024-04-01,
EELC,651,ALCORG - Export,D,2024-04-01,
EELC,731,NNFKSF - Export,D,2024-04-01,
EELC,893,MINGAY - Import,B,2024-04-01,
SOUT,695,EHV_SSP_695,B,2024-04-01,
ETCL,CH1,HV Network Import,A,2024-04-01,
SEEB,851,NR_AFD - Import,B,2024-04-01,
SOUT,785,EG_SSP_785,D,2024-04-01,
EELC,888,HALLFM - Import,B,2024-04-01,
SOUT,769,EHV_SSP_769,B,2024-04-01,
SOUT,AL2,LV Network Export,C,2024-04-01,
EELC,576,OUTWDS - Import,B,2024-04-01,
SOUT,823,EHV_SSP_823,B,2024-04-01,
EELC,728,NR_SPR - Export,D,2024-04-01,
EELC,499,AIAMAN - Import,B,2024-04-01,
EELC,516,GRNEND - Import,B,2024-04-01,
ETCL,BL4,LV Substation Export,C,2024-04-01,
ETCL,FL2,LV Network Export,C,2024-04-01,
LOND,818,LU_CAN - Import,B,2024-04-01,
SOUT,986,EG_SSP_986,D,2024-04-01,
EELC,559,ROYSTN - Import,B,2024-04-01,
SOUT,947,EG_SSP_947,D,2024-04-01,
SOUT,723,EHV_SSP_723,B,2024-04-01,
LOND,828,THAMEB - Import,B,2024-04-01,
SOUT,671,EHV_SSP_671,B,2024-04-01,
SEEB,746,KENTI2 - Export,D,2024-04-01,
EELC,711,MDLWCK - Export,D,2024-04-01,
SOUT,921,EG_SSP_921,D,2024-04-01,
EELC,570,HHFARM - Import,B,2024-04-01,
EELC,822,TROWSF - Import,B,2024-04-01,
LOND,730,SELCHP - Export,D,2024-04-01,
SOUT,602,EG_SSP_602,D,2024-04-01,
EELC,518,HYDESF - Import,B,2024-04-01,
SOUT,Y26,EHV_SSP_Y26,B,2024-04-01,
SOUT,860,EHV_SSP_860,B,2024-04-01,
SEEB,724,PFIZER - Export,D,2024-04-01,
EELC,465,WTRLOO - Export,D,2024-04-01,
SEEB,871,BRETSH - Import,B,2024-04-01,
SEEB,850,THAEAR - Import,B,2024-04-01,
SOUT,856,EHV_SSP_856,B,2024-04-01,
SOUT,913,EG_SSP_913,D,2024-04-01,
EELC,842,NR_COL - Import,B,2024-04-01,
SEEB,714,WIDHFM - Export,D,2024-04-01,
SEEB,843,BRELLE - Import,B,2024-04-01,
EELC,470,SFKEFW - Export,D,2024-04-01,
SOUT,771,EHV_SSP_771,B,2024-04-01,
ETCL,CH2,HV Network Export,C,2024-04-01,
SOUT,915,EG_SSP_915,D,2024-04-01,
SOUT,AL3,LV Substation Import,A,2024-04-01,
EELC,814,GLASSM - Import,B,2024-04-01,
SOUT,813,EHV_SSP_813,B,2024-04-01,
EELC,317,SALHSE - Import,B,2024-04-01,
SOUT,642,EG_SSP_642,D,2024-04-01,
SEEB,706,CAPELG - Export,D,2024-04-01,
SEEB,900,SELLSF - Import,B,2024-04-01,
SOUT,765,EHV_SSP_765,B,2024-04-01,
SOUT,714,EHV_SSP_714,B,2024-04-01,
ETCL,GL3,LV Substation Import,A,2024-04-01,
SOUT,717,EHV_SSP_717,B,2024-04-01,
EELC,723,NR_MAN - Export,D,2024-04-01,
SOUT,844,EHV_SSP_844,B,2024-04-01,
SOUT,900,EHV_SSP_900,B,2024-04-01,
ETCL,GH2,HV Network Export,C,2024-04-01,
SEEB,881,PFIZER - Import,B,2024-04-01,
EELC,513,FWINDS - Import,B,2024-04-01,
SOUT,826,EHV_SSP_826,B,2024-04-01,
SOUT,818,EHV_SSP_818,B,2024-04-01,
LOND,CL3,LV Substation Import,A,2024-04-01,
SEEB,925,POTMBS - Import,B,2024-04-01,
EELC,720,NR_COL - Export,D,2024-04-01,
EELC,892,MDLWCK - Import,B,2024-04-01,
SOUT,984,EG_SSP_984,D,2024-04-01,
SEEB,834,B&RLTD - Import,B,2024-04-01,
LOND,716,NR_WES - Export,D,2024-04-01,
EELC,AH2,HV Network Export,C,2024-04-01,
EELC,336,PARKFM - Import,B,2024-04-01,
SEEB,829,WLBEES - Import,B,2024-04-01,
ETCL,JH2,HV Network Export,C,2024-04-01,
EELC,515,GOSFLD - Import,B,2024-04-01,
EELC,727,NR_SED - Export,D,2024-04-01,
SOUT,705,HV_SSP_705,B,2024-04-01,
SOUT,794,EG_SSP_794,D,2024-04-01,
EELC,498,WARNER - Import,B,2024-04-01,
EELC,836,SCROBY - Import,B,2024-04-01,
EELC,494,RPRLTD - Import,B,2024-04-01,
SEEB,751,MLEHLL - Export,D,2024-04-01,
EELC,452,KNNING - Export,D,2024-04-01,
SOUT,845,EHV_SSP_845,B,2024-04-01,
SOUT,ML4,LV Substation Export,C,2024-04-01,
EELC,868,WHMLWF - Import,B,2024-04-01,
EELC,549,LBZSNS - Import,B,2024-04-01,
SEEB,810,BTBRKS - Import,B,2024-04-01,
SEEB,729,STAREN - Export,D,2024-04-01,
SOUT,Y32,EHV_SSP_Y32,B,2024-04-01,
EELC,557,RMWFII - Import,B,2024-04-01,
EELC,405,NR_RYE - Export,D,2024-04-01,
SOUT,FL4,LV Substation Export,C,2024-04-01,
SOUT,613,EG_SSP_613,D,2024-04-01,
SOUT,Z13,EG_SSP_Z13,D,2024-04-01,
EELC,527,SCTTOW - Import,B,2024-04-01,
EELC,768,GOSFLD - Export,D,2024-04-01,
SOUT,810,EHV_SSP_810,B,2024-04-01,
EELC,445,HRMT_B - Export,D,2024-04-01,
EELC,433,GLXOWR - Export,D,2024-04-01,
EELC,440,COMBRN - Export,D,2024-04-01,
EELC,AL3,LV Substation Import,A,2024-04-01,
SOUT,684,EHV_SSP_684,B,2024-04-01,
EELC,673,RANDCS - Export,D,2024-04-01,
SOUT,FH2,HV Network Export,C,2024-04-01,
EELC,524,MANORF - Import,B,2024-04-01,
EELC,583,TRNCLE - Import,B,2024-04-01,
SOUT,971,EG_SSP_971,D,2024-04-01,
EELC,694,SCMOOR - Export,D,2024-04-01,
EELC,471,WSTNLV - Export,D,2024-04-01,
EELC,597,ESWWIX - Import,B,2024-04-01,
EELC,588,AW_GRA - Import,B,2024-04-01,
EELC,416,INGMSF - Export,D,2024-04-01,
EELC,486,NRAUTH - Import,B,2024-04-01,
EELC,751,DRYHSE - Export,D,2024-04-01,
SOUT,698,EHV_SSP_698,B,2024-04-01,
SOUT,849,EHV_SSP_849,B,2024-04-01,
SEEB,809,ASHBYS - Import,B,2024-04-01,
SOUT,JL3,LV Substation Import,A,2024-04-01,
LOND,839,LU_STE - Import,B,2024-04-01,
SOUT,885,EHV_SSP_885,B,2024-04-01,
SOUT,Y25,EHV_SSP_Y25,B,2024-04-01,
EELC,801,STANS3 - Import,B,2024-04-01,
SOUT,995,EG_SSP_995,D,2024-04-01,
EELC,525,BRCHGP - Import,B,2024-04-01,
SOUT,628,EG_SSP_628,D,2024-04-01,
SOUT,863,EHV_SSP_863,B,2024-04-01,
EELC,526,QRRNDN - Import,B,2024-04-01,
SOUT,JL1,LV Network Import,A,2024-04-01,
SEEB,695,BRAMBS - Export,D,2024-04-01,
EELC,692,MOWLEM - Export,D,2024-04-01,
SOUT,907,EHV_SSP_907,B,2024-04-01,
SOUT,Z07,EG_SSP_Z07,D,2024-04-01,
SOUT,Y37,EHV_SSP_Y37,B,2024-04-01,
SOUT,691,EHV_SSP_691,B,2024-04-01,
SOUT,738,EG_SSP_738,D,2024-04-01,
SOUT,Z23,EG_SSP_Z23,D,2024-04-01,
EELC,453,LNGFRD - Export,D,2024-04-01,
SOUT,793,EG_SSP_793,D,2024-04-01,
SEEB,703,PSHLEY - Export,D,2024-04-01,
EELC,512,FLYFRM - Import,B,2024-04-01,
EELC,701,BROGB_ - Export,D,2024-04-01,
SEEB,755,SOLEES - Export,D,2024-04-01,
SEEB,JH3,HV Substation Import,A,2024-04-01,
SOUT,780,EG_SSP_780,D,2024-04-01,
SOUT,DL1,LV Network Import,A,2024-04-01,
SOUT,EL2,LV Network Export,C,2024-04-01,
EELC,889,LEXHSF - Import,B,2024-04-01,
LOND,CX1,132kV Import,A,2024-04-01,
SOUT,864,EHV_SSP_864,B,2024-04-01,
EELC,305,CLRDWN - Import,B,2024-04-01,
EELC,319,HS2_AT - Import,B,2024-04-01,
EELC,472,NR_KNG - Export,D,2024-04-01,
SOUT,DH1,HV Network Import,A,2024-04-01,
EELC,541,BURYLN - Import,B,2024-04-01,
ETCL,GL2,LV Network Export,C,2024-04-01,
SOUT,806,EHV_SSP_806,B,2024-04-01,
SEEB,693,BEDERF - Export,D,2024-04-01,
EELC,833,TILBUR - Import,B,2024-04-01,
EELC,536,LDAHSF - Import,B,2024-04-01,
ETCL,LH2,HV Network Export,C,2024-04-01,
SOUT,783,EG_SSP_783,D,2024-04-01,
ETCL,PH2,HV Network Export,C,2024-04-01,
SOUT,AH1,HV Network Import,A,2024-04-01,
SOUT,688,EHV_SSP_688,B,2024-04-01,
SOUT,956,EG_SSP_956,D,2024-04-01,
ETCL,AL4,LV Substation Export,C,2024-04-01,
SOUT,HL4,LV Substation Export,C,2024-04-01,
LOND,823,TWKIRT - Import,B,2024-04-01,
SOUT,795,EG_SSP_795,D,2024-04-01,
EELC,304,CLFFQY - Import,B,2024-04-01,
EELC,AH1,HV Network Import,A,2024-04-01,
EELC,867,WDLWWF - Import,B,2024-04-01,
EELC,519,JKSLNE - Import,B,2024-04-01,
EELC,691,MILLFM - Export,D,2024-04-01,
SOUT,746,EHV_SSP_746,B,2024-04-01,
SOUT,CL3,LV Substation Import,A,2024-04-01,
EELC,300,ALCORG - Import,B,2024-04-01,
SOUT,Z16,EG_SSP_Z16,D,2024-04-01,
SOUT,937,EG_SSP_937,D,2024-04-01,
SOUT,LH1,HV Network Import,A,2024-04-01,
EELC,715,COLDHA - Export,D,2024-04-01,
EELC,756,EUSTSF - Export,D,2024-04-01,
EELC,585,3VALSW - Import,B,2024-04-01,
EELC,874,BRTHSW - Import,B,2024-04-01,
ETCL,DE2,33kV Export,C,2024-04-01,
EELC,828,MSDHOD - Import,B,2024-04-01,
EELC,882,EUSTSF - Import,B,2024-04-01,
EELC,589,AWOUSE - Import,B,2024-04-01,
SOUT,FL3,LV Substation Import,A,2024-04-01,
SOUT,BL4,LV Substation Export,C,2024-04-01,
SOUT,465,EHV_SSP_465,B,2024-04-01,
ETCL,GH1,HV Network Import,A,2024-04-01,
EELC,676,ROOKRY - Export,D,2024-04-01,
SEEB,816,LGHTON - Import,B,2024-04-01,
SOUT,976,EG_SSP_976,D,2024-04-01,
SOUT,Y35,EHV_SSP_Y35,B,2024-04-01,
SOUT,603,EG_SSP_603,D,2024-04-01,
EELC,744,ABSRSF - Export,D,2024-04-01,
EELC,805,BS_BUR - Import,B,2024-04-01,
SOUT,996,EG_SSP_996,D,2024-04-01,
SOUT,920,EG_SSP_920,D,2024-04-01,
LOND,800,FENCHS - Import,B,2024-04-01,
SOUT,811,EHV_SSP_811,B,2024-04-01,
LOND,817,NGC_BA - Import,B,2024-04-01,
SEEB,858,NR_FOK - Import,B,2024-04-01,
SOUT,858,EHV_SSP_858,B,2024-04-01,
EELC,432,ESWMID - Export,D,2024-04-01,
EELC,764,NVASCT - Export,D,2024-04-01,
EELC,456,MANORF - Export,D,2024-04-01,
SEEB,840,BEDERF - Import,B,2024-04-01,
SOUT,637,EG_SSP_637,D,2024-04-01,
SOUT,905,EHV_SSP_905,B,2024-04-01,
SEEB,720,SELLSF - Export,D,2024-04-01,
SOUT,596,EHV_SSP_596,B,2024-04-01,
SOUT,980,EG_SSP_980,D,2024-04-01,
EELC,434,PLMPPR - Export,D,2024-04-01,
SEEB,JX1,132kV Import,A,2024-04-01,
ETCL,DE1,33kV Import,A,2024-04-01,
SOUT,876,EHV_SSP_876,B,2024-04-01,
SOUT,525,EHV_SSP_525,B,2024-04-01,
SEEB,842,BRAMBS - Import,B,2024-04-01,
EELC,650,WDLWWW - Export,D,2024-04-01,
SOUT,778,EG_SSP_778,D,2024-04-01,
EELC,446,NEVEDN - Export,D,2024-04-01,
ETCL,NL1,LV Network Import,A,2024-04-01,
SOUT,853,EHV_SSP_853,B,2024-04-01,
EELC,596,ESWMID - Import,B,2024-04-01,
EELC,503,ASTONC - Import,B,2024-04-01,
SOUT,968,EG_SSP_968,D,2024-04-01,
EELC,749,CANTSF - Export,D,2024-04-01,
SEEB,846,KM3CHP - Import,B,2024-04-01,
SOUT,704,HV_SSP_704,B,2024-04-01,
SOUT,504,EG_SSP_504,D,2024-04-01,
SOUT,630,EG_SSP_630,D,2024-04-01,
EELC,400,AW_GRA - Export,D,2024-04-01,
SOUT,GL1,LV Network Import,A,2024-04-01,
SOUT,999,EG_SSP_999,D,2024-04-01,
LOND,CX2,132kV Export,C,2024-04-01,
EELC,330,BMPFM2 - Import,B,2024-04-01,
SOUT,643,EG_SSP_643,D,2024-04-01,
SEEB,825,WDLNDS - Import,B,2024-04-01,
EELC,408,RKYERF - Export,D,2024-04-01,
EELC,685,GRNILM - Export,D,2024-04-01,
SOUT,Z24,EG_SSP_Z24,D,2024-04-01,
ETCL,FH1,HV Network Import,A,2024-04-01,
SOUT,938,EG_SSP_938,D,2024-04-01,
SOUT,Y22,EHV_SSP_Y22,B,2024-04-01,
SEEB,878,LCHEYI - Import,B,2024-04-01,
EELC,853,NR_RYE - Import,B,2024-04-01,
EELC,478,GLXOWR - Import,B,2024-04-01,
SOUT,Y01,EHV_SSP_Y01,B,2024-04-01,
EELC,511,FENLND - Import,B,2024-04-01,
EELC,490,QNETIC - Import,B,2024-04-01,
SEEB,806,WSTWDX - Import,B,2024-04-01,
SOUT,836,EHV_SSP_836,B,2024-04-01,
SOUT,Z33,EG_SSP_Z33,D,2024-04-01,
SOUT,748,EG_EHV_SSP_748,D,2024-04-01,
EELC,543,CHPLOW - Import,B,2024-04-01,
SOUT,LL3,LV Substation Import,A,2024-04-01,
SOUT,949,EG_SSP_949,D,2024-04-01,
LOND,CE1,33kV Import,A,2024-04-01,
EELC,767,GDE132 - Export,D,2024-04-01,
SEEB,745,HLLMBY - Export,D,2024-04-01,
SOUT,EL3,LV Substation Import,A,2024-04-01,
SOUT,Z18,EG_SSP_Z18,D,2024-04-01,
EELC,873,BRTHSS - Import,B,2024-04-01,
SOUT,656,EHV_SSP_656,B,2024-04-01,
SEEB,839,TWHK66 - Import,B,2024-04-01,
ETCL,NH2,HV Network Export,C,2024-04-01,
SOUT,LH2,HV Network Export,C,2024-04-01,
SOUT,697,EHV_SSP_697,B,2024-04-01,
EELC,897,SPRIGS - Import,B,2024-04-01,
SOUT,590,EN_A_SSP_590,A,2024-04-01,
SOUT,926,EG_SSP_926,D,2024-04-01,
SEEB,JH1,HV Network Import,A,2024-04-01,
SOUT,Z10,EG_SSP_Z10,D,2024-04-01,
ETCL,JL2,LV Network Export,C,2024-04-01,
EELC,341,BRACSF - Import,B,2024-04-01,
EELC,567,GFTHRN - Import,B,2024-04-01,
EELC,546,ELSAGE - Import,B,2024-04-01,
LOND,812,CRLIMM - Import,B,2024-04-01,
EELC,514,GDE132 - Import,B,2024-04-01,
EELC,848,NR_MAN - Import,B,2024-04-01,
SOUT,600,EG_SSP_600,D,2024-04-01,
SOUT,Y00,EHV_SSP_Y00,B,2024-04-01,
SEEB,709,MARSHB - Export,D,2024-04-01,
EELC,581,STNPTS - Import,B,2024-04-01,
ETCL,DL1,LV Network Import,A,2024-04-01,
ETCL,HH1,HV Network Import,A,2024-04-01,
SOUT,814,EHV_SSP_814,B,2024-04-01,
SOUT,660,EHV_SSP_660,B,2024-04-01,
SEEB,807,SYCAMR - Import,B,2024-04-01,
EELC,388,BRACSF - Export,D,2024-04-01,
EELC,682,WRYDEC - Export,D,2024-04-01,
EELC,306,COMBRN - Import,B,2024-04-01,
SOUT,707,HV_SSP_707,B,2024-04-01,
SEEB,780,ANMSTR - Export,D,2024-04-01,
EELC,538,WSTNLV - Import,B,2024-04-01,
EELC,703,RAINHM - Export,D,2024-04-01,
SEEB,836,DARENT - Import,B,2024-04-01,
EELC,863,WWYNDC - Import,B,2024-04-01,
EELC,532,WOOLLY - Import,B,2024-04-01,
EELC,AE2,33kV Export,C,2024-04-01,
EELC,786,BURYLN - Export,D,2024-04-01,
SOUT,928,EG_SSP_928,D,2024-04-01,
EELC,683,CHFARM - Export,D,2024-04-01,
EELC,412,LIMKLN - Export,D,2024-04-01,
SOUT,798,EG_SSP_798,D,2024-04-01,
SOUT,610,EG_SSP_610,D,2024-04-01,
SOUT,870,EHV_SSP_870,B,2024-04-01,
SOUT,ML1,LV Network Import,A,2024-04-01,
EELC,684,CRANHM - Export,D,2024-04-01,
SOUT,HH1,HV Network Import,A,2024-04-01,
SEEB,718,SHEPHM - Export,D,2024-04-01,
EELC,668,MANFRM - Export,D,2024-04-01,
EELC,505,BDGHSE - Import,B,2024-04-01,
EELC,866,ICGLTD - Import,B,2024-04-01,
EELC,554,OULTON - Import,B,2024-04-01,
SOUT,981,EG_SSP_981,D,2024-04-01,
ETCL,PH1,HV Network Import,A,2024-04-01,
LOND,806,MRKLNE - Import,B,2024-04-01,
SEEB,813,HLLMBY - Import,B,2024-04-01,
SOUT,892,EHV_SSP_892,B,2024-04-01,
SOUT,680,EHV_SSP_680,B,2024-04-01,
SEEB,866,NR_3BR - Import,B,2024-04-01,
EELC,474,FXDFAG - Import,B,2024-04-01,
LOND,CL4,LV Substation Export,C,2024-04-01,
SOUT,648,EG_SSP_648,D,2024-04-01,
SEEB,864,NR_SIT - Import,B,2024-04-01,
SOUT,Z03,EG_SSP_Z03,D,2024-04-01,
SOUT,803,EHV_SSP_803,B,2024-04-01,
EELC,533,WTRLOO - Import,B,2024-04-01,
SOUT,467,EG_SSP_467,D,2024-04-01,
EELC,667,LWRNCE - Export,D,2024-04-01,
SOUT,940,EG_SSP_940,D,2024-04-01,
EELC,839,WRGSTE - Import,B,2024-04-01,
SOUT,812,EHV_SSP_812,B,2024-04-01,
SOUT,824,EHV_SSP_824,B,2024-04-01,
EELC,594,CMRODC - Import,B,2024-04-01,
SOUT,Y31,EHV_SSP_Y31,B,2024-04-01,
EELC,427,LITSTA - Import,B,2024-04-01,
EELC,773,CAVDRD - Export,D,2024-04-01,
SEEB,897,MVVRID - Import,B,2024-04-01,
SOUT,ML2,LV Network Export,C,2024-04-01,
EELC,450,HYDESF - Export,D,2024-04-01,
SEEB,JL3,LV Substation Import,A,2024-04-01,
SOUT,720,EHV_SSP_720,B,2024-04-01,
ETCL,NL4,LV Substation Export,C,2024-04-01,
SOUT,641,EG_SSP_641,D,2024-04-01,
SOUT,HL1,LV Network Import,A,2024-04-01,
EELC,497,VXHALL - Import,B,2024-04-01,
EELC,487,NYSEIB - Import,B,2024-04-01,
SOUT,Z31,EG_SSP_Z31,D,2024-04-01,
SOUT,736,EG_SSP_736,D,2024-04-01,
EELC,666,ARDLGH - Export,D,2024-04-01,
EELC,890,NVASCT - Import,B,2024-04-01,
EELC,732,STWBRG - Export,D,2024-04-01,
SOUT,601,EG_SSP_601,D,2024-04-01,
SEEB,JX2,132kV Export,C,2024-04-01,
LOND,807,NR_BOW - Import,B,2024-04-01,
EELC,837,SHELL_ - Import,B,2024-04-01,
EELC,875,CANTSF - Import,B,2024-04-01,
SEEB,855,NR_CRO - Import,B,2024-04-01,
SOUT,653,EHV_SSP_653,B,2024-04-01,
EELC,AX2,132kV Export,C,2024-04-01,
SOUT,Z39,EG_SSP_Z39,D,2024-04-01,
SOUT,917,EG_SSP_917,D,2024-04-01,
SOUT,524,EHV_SSP_524,B,2024-04-01,
EELC,407,BMPFM2 - Export,D,2024-04-01,
SEEB,879,NR_ASH - Import,B,2024-04-01,
SEEB,841,BESAYL - Import,B,2024-04-01,
EELC,501,WAIRWF - Import,B,2024-04-01,
EELC,880,EGMRSF - Import,B,2024-04-01,
SEEB,701,HORAMS - Export,D,2024-04-01,
EELC,726,NR_SHN - Export,D,2024-04-01,
EELC,818,FORD_D - Import,B,2024-04-01,
EELC,851,NR_PET - Import,B,2024-04-01,
EELC,808,COLDHA - Import,B,2024-04-01,
SOUT,FH1,HV Network Import,A,2024-04-01,
EELC,745,BAYFMS - Export,D,2024-04-01,
SEEB,838,THAMEM - Import,B,2024-04-01,
SOUT,HX1,132kV Import,A,2024-04-01,
SEEB,726,BRETSH - Export,D,2024-04-01,
SOUT,893,EHV_SSP_893,B,2024-04-01,
SOUT,955,EG_SSP_955,D,2024-04-01,
EELC,690,MILLDR - Export,D,2024-04-01,
SEEB,812,HADLOW - Import,B,2024-04-01,
LOND,707,NR_BOW - Export,D,2024-04-01,
SOUT,725,EHV_SSP_725,B,2024-04-01,
SOUT,349,EHV_SSP_349,B,2024-04-01,
EELC,582,TILGRN - Import,B,2024-04-01,
EELC,437,CLAYPV - Export,D,2024-04-01,
LOND,820,BLMBGN - Import,B,2024-04-01,
EELC,680,TOOLEY - Export,D,2024-04-01,
EELC,850,NR_NRW - Import,B,2024-04-01,
SOUT,859,EHV_SSP_859,B,2024-04-01,
ETCL,DH1,HV Network Import,A,2024-04-01,
SOUT,703,HV_SSP_703,B,2024-04-01,
EELC,334,LIMKLN - Import,B,2024-04-01,
EELC,709,GLASSM - Export,D,2024-04-01,
ETCL,DH2,HV Network Export,C,2024-04-01,
SOUT,924,EG_SSP_924,D,2024-04-01,
SOUT,939,EG_SSP_939,D,2024-04-01,
SOUT,Z28,EG_SSP_Z28,D,2024-04-01,
EELC,318,HS2WRU - Import,B,2024-04-01,
EELC,876,CHEDSF - Import,B,2024-04-01,
SOUT,724,EHV_SSP_724,B,2024-04-01,
SEEB,814,KENTI2 - Import,B,2024-04-01,
ETCL,FH2,HV Network Export,C,2024-04-01,
SOUT,872,EHV_SSP_872,B,2024-04-01,
SOUT,828,EHV_SSP_828,B,2024-04-01,
EELC,895,PRHMSF - Import,B,2024-04-01,
LOND,822,TWGNCH - Import,B,2024-04-01,
EELC,552,MANFRM - Import,B,2024-04-01,
ETCL,PL2,LV Network Export,C,2024-04-01,
LOND,846,NR_CIT - Import,B,2024-04-01,
EELC,712,WRGSTE - Export,D,2024-04-01,
SEEB,744,HADLOW - Export,D,2024-04-01,
SOUT,Z22,EG_SSP_Z22,D,2024-04-01,
EELC,783,BOXTED - Export,D,2024-04-01,
SOUT,BL2,LV Network Export,C,2024-04-01,
ETCL,KH2,HV Network Export,C,2024-04-01,
SOUT,KL3,LV Substation Import,A,2024-04-01,
EELC,569,HRMT_P - Import,B,2024-04-01,
SOUT,877,EHV_SSP_877,B,2024-04-01,
SOUT,706,HV_SSP_706,B,2024-04-01,
SEEB,805,OLDRSF - Import,B,2024-04-01,
SOUT,611,EG_SSP_611,D,2024-04-01,
LOND,813,FENAVE - Import,B,2024-04-01,
EELC,810,EDLMUC - Import,B,2024-04-01,
EELC,332,BREFC1 - Import,B,2024-04-01,
SOUT,741,EG_EHV_SSP_741,D,2024-04-01,
SOUT,929,EG_SSP_929,D,2024-04-01,
EELC,717,STAGSH - Export,D,2024-04-01,
SOUT,668,EHV_SSP_668,B,2024-04-01,
SOUT,529,EHV_SSP_529,B,2024-04-01,
SOUT,669,EHV_SSP_669,B,2024-04-01,
EELC,774,MOLLAV - Export,D,2024-04-01,
LOND,810,22BSHP - Import,B,2024-04-01,
SOUT,816,EHV_SSP_816,B,2024-04-01,
SOUT,712,EHV_SSP_712,B,2024-04-01,
EELC,841,EARLHF - Import,B,2024-04-01,
EELC,826,LONWST - Import,B,2024-04-01,
EELC,AH3,HV Substation Import,A,2024-04-01,
SOUT,851,EHV_SSP_851,B,2024-04-01,
EELC,AL4,LV Substation Export,C,2024-04-01,
ETCL,ML1,LV Network Import,A,2024-04-01,
SEEB,728,HANSTA - Export,D,2024-04-01,
SOUT,777,EG_SSP_777,D,2024-04-01,
SEEB,748,LGHTON - Export,D,2024-04-01,
SOUT,Z08,EG_SSP_Z08,D,2024-04-01,
SOUT,618,EG_SSP_618,D,2024-04-01,
EELC,663,HONYSM - Export,D,2024-04-01,
SOUT,617,EG_SSP_617,D,2024-04-01,
SEEB,JH4,HV Substation Export,C,2024-04-01,
EELC,530,WLBRHM - Import,B,2024-04-01,
SOUT,871,EHV_SSP_871,B,2024-04-01,
LOND,838,LU_LOT - Import,B,2024-04-01,
SOUT,832,EHV_SSP_832,B,2024-04-01,
SOUT,661,EHV_SSP_661,B,2024-04-01,
SEEB,894,CLYHLL - Import,B,2024-04-01,
SOUT,792,EG_SSP_792,D,2024-04-01,
SOUT,KL4,LV Substation Export,C,2024-04-01,
ETCL,BL1,LV Network Import,A,2024-04-01,
EELC,590,BERMAT - Import,B,2024-04-01,
SOUT,942,EG_SSP_942,D,2024-04-01,
SOUT,878,EHV_SSP_878,B,2024-04-01,
EELC,815,REDTI1 - Import,B,2024-04-01,
SOUT,873,EHV_SSP_873,B,2024-04-01,
SOUT,662,EHV_SSP_662,B,2024-04-01,
EELC,331,RKYERF - Import,B,2024-04-01,
EELC,309,GOOSFM - Import,B,2024-04-01,
EELC,599,FUJISL - Import,B,2024-04-01,
SOUT,634,EG_SSP_634,D,2024-04-01,
SOUT,JH2,HV Network Export,C,2024-04-01,
EELC,670,NEWTON - Export,D,2024-04-01,
SOUT,GH1,HV Network Import,A,2024-04-01,
LOND,701,THAMEB - Export,D,2024-04-01,
SOUT,JH1,HV Network Import,A,2024-04-01,
EELC,886,LCKFRD - Import,B,2024-04-01,
EELC,455,LNGHO2 - Export,D,2024-04-01,
SOUT,842,EHV_SSP_842,B,2024-04-01,
SEEB,737,SYCAMR - Export,D,2024-04-01,
EELC,823,LS&E_N - Import,B,2024-04-01,
SOUT,914,EG_SSP_914,D,2024-04-01,
ETCL,FL4,LV Substation Export,C,2024-04-01,
EELC,872,BROXSF - Import,B,2024-04-01,
SOUT,667,EHV_SSP_667,B,2024-04-01,
EELC,493,RNDMHS - Import,B,2024-04-01,
SOUT,916,EG_SSP_916,D,2024-04-01,
SOUT,612,EG_SSP_612,D,2024-04-01,
EELC,442,GOOSFM - Export,D,2024-04-01,
EELC,870,BAYFMS - Import,B,2024-04-01,
SOUT,Z00,EG_SSP_Z00,D,2024-04-01,
EELC,719,BS_WIS - Export,D,2024-04-01,
EELC,820,HTFD_L - Import,B,2024-04-01,
EELC,669,MLLFLD - Export,D,2024-04-01,
SOUT,944,EG_SSP_944,D,2024-04-01,
EELC,333,BREFC2 - Import,B,2024-04-01,
EELC,550,LEICSQ - Import,B,2024-04-01,
EELC,678,SALHSE - Export,D,2024-04-01,
EELC,593,CEMXUK - Import,B,2024-04-01,
EELC,328,ARKENF - Import,B,2024-04-01,
SOUT,719,EHV_SSP_719,B,2024-04-01,
EELC,660,GFTHRN - Export,D,2024-04-01,
SOUT,682,EHV_SSP_682,B,2024-04-01,
EELC,748,BRTHSW - Export,D,2024-04-01,
SOUT,677,EHV_SSP_677,B,2024-04-01,
SOUT,672,EHV_SSP_672,B,2024-04-01,
LOND,848,NR_WES - Import,B,2024-04-01,
SOUT,972,EG_SSP_972,D,2024-04-01,
SOUT,626,EG_SSP_626,D,2024-04-01,
SOUT,HX2,132kV Export,C,2024-04-01,
EELC,555,RANDCS - Import,B,2024-04-01,
EELC,695,SNTBRE - Export,D,2024-04-01,
EELC,460,STOSTH - Export,D,2024-04-01,
SOUT,745,EHV_SSP_745,B,2024-04-01,
SOUT,998,EG_SSP_998,D,2024-04-01,
SOUT,647,EG_SSP_647,D,2024-04-01,
EELC,312,HRMT_B - Import,B,2024-04-01,
ETCL,EL4,LV Substation Export,C,2024-04-01,
EELC,770,HOBACK - Export,D,2024-04-01,
SEEB,861,NR_MAI - Import,B,2024-04-01,
LOND,808,LEDNHS - Import,B,2024-04-01,
EELC,564,ARDLGH - Import,B,2024-04-01,
EELC,847,NR_LBR - Import,B,2024-04-01,
SOUT,468,EG_SSP_468,D,2024-04-01,
SOUT,699,EHV_SSP_699,B,2024-04-01,
SEEB,815,LBOURN - Import,B,2024-04-01,
EELC,310,GREYSH - Import,B,2024-04-01,
SOUT,655,EHV_SSP_655,B,2024-04-01,
SOUT,946,EG_SSP_946,D,2024-04-01,
EELC,724,NR_NRW - Export,D,2024-04-01,
EELC,775,STRTHL - Export,D,2024-04-01,
SOUT,Z32,EG_SSP_Z32,D,2024-04-01,
SEEB,753,ORCHRD - Export,D,2024-04-01,
SOUT,597,EHV_SSP_597,B,2024-04-01,
SOUT,790,EG_SSP_790,D,2024-04-01,
SOUT,646,EG_SSP_646,D,2024-04-01,
SOUT,Z29,EG_SSP_Z29,D,2024-04-01,
SOUT,732,EHV_SSP_732,B,2024-04-01,
SEEB,749,MLMAYN - Export,D,2024-04-01,
ETCL,FL1,LV Network Import,A,2024-04-01,
LOND,815,BELVED - Import,B,2024-04-01,
SEEB,694,BESAYL - Export,D,2024-04-01,
SOUT,Y27,EHV_SSP_Y27,B,2024-04-01,
SEEB,821,WIDHFM - Import,B,2024-04-01,
SOUT,598,EHV_SSP_598,B,2024-04-01,
ETCL,NL2,LV Network Export,C,2024-04-01,
SOUT,768,EHV_SSP_768,B,2024-04-01,
SOUT,Z27,EG_SSP_Z27,D,2024-04-01,
SOUT,770,EHV_SSP_770,B,2024-04-01,
SOUT,593,EN_A_SSP_593,B,2024-04-01,
SEEB,731,WRGALL - Export,D,2024-04-01,
SOUT,830,EHV_SSP_830,B,2024-04-01,
EELC,898,STWBRG - Import,B,2024-04-01,
SOUT,528,EHV_SSP_528,B,2024-04-01,
EELC,700,BS_BUR - Export,D,2024-04-01,
SEEB,830,BNTLY2 - Import,B,2024-04-01,
EELC,580,SWNLND - Import,B,2024-04-01,
EELC,562,VINESF - Import,B,2024-04-01,
SOUT,743,EG_EHV_SSP_743,D,2024-04-01,
EELC,537,MELBRN - Import,B,2024-04-01,
EELC,750,CHEDSF - Export,D,2024-04-01,
EELC,579,SNTBRE - Import,B,2024-04-01,
SOUT,Y23,EHV_SSP_Y23,B,2024-04-01,
SOUT,591,EN_A_SSP_591,A,2024-04-01,
SOUT,636,EG_SSP_636,D,2024-04-01,
EELC,838,STAGSH - Import,B,2024-04-01,
EELC,413,CROWNP - Export,D,2024-04-01,
SEEB,889,BEDDIN - Import,B,2024-04-01,
LOND,CH1,HV Network Import,A,2024-04-01,
LOND,803,VOLTDC - Import,B,2024-04-01,
EELC,802,STANS2 - Import,B,2024-04-01,
EELC,769,GRNEND - Export,D,2024-04-01,
SEEB,752,OAKLND - Export,D,2024-04-01,
SEEB,837,NP_LAB - Import,B,2024-04-01,
EELC,705,EPRSUT - Export,D,2024-04-01,
EELC,830,PICKEN - Import,B,2024-04-01,
EELC,558,ROOKRY - Import,B,2024-04-01,
ETCL,LL2,LV Network Export,C,2024-04-01,
SOUT,791,EG_SSP_791,D,2024-04-01,
EELC,535,CLTSHL - Import,B,2024-04-01,
EELC,697,STNPTS - Export,D,2024-04-01,
ETCL,ML3,LV Substation Import,A,2024-04-01,
SOUT,728,EHV_SSP_728,B,2024-04-01,
SEEB,831,GUSTON - Import,B,2024-04-01,
SEEB,874,EUROTU - Import,B,2024-04-01,
EELC,595,DGRLTY - Import,B,2024-04-01,
SEEB,767,DARENT - Export,D,2024-04-01,
EELC,523,LNGHO2 - Import,B,2024-04-01,
SOUT,657,EHV_SSP_657,B,2024-04-01,
SOUT,369,EG_SSP_369,D,2024-04-01,
EELC,496,UBS_UK - Import,B,2024-04-01,
SOUT,722,EHV_SSP_722,B,2024-04-01,
SOUT,604,EG_SSP_604,D,2024-04-01,
EELC,598,FRDHVS - Import,B,2024-04-01,
SOUT,Y16,EHV_SSP_Y16,B,2024-04-01,
EELC,534,BLGTSF - Import,B,2024-04-01,
SOUT,820,EHV_SSP_820,B,2024-04-01,
SEEB,717,PRIORS - Export,D,2024-04-01,
SOUT,FL1,LV Network Import,A,2024-04-01,
ETCL,EH1,HV Network Import,A,2024-04-01,
EELC,652,BARNFM - Export,D,2024-04-01,
SOUT,786,EG_SSP_786,D,2024-04-01,
SOUT,978,EG_SSP_978,D,2024-04-01,
SOUT,880,EHV_SSP_880,B,2024-04-01,
SOUT,991,EG_SSP_991,D,2024-04-01,
EELC,451,JKSLNE - Export,D,2024-04-01,
EELC,765,MDWFRM - Export,D,2024-04-01,
EELC,686,HRMT_P - Export,D,2024-04-01,
SOUT,788,EG_SSP_788,D,2024-04-01,
SOUT,HH4,HV Substation Export,C,2024-04-01,
SOUT,930,EG_SSP_930,D,2024-04-01,
SEEB,JL4,LV Substation Export,C,2024-04-01,
EELC,698,TRNCLE - Export,D,2024-04-01,
SOUT,HE1,33kV Import,A,2024-04-01,
SEEB,817,MLMAYN - Import,B,2024-04-01,
SOUT,615,EG_SSP_615,D,2024-04-01,
SEEB,802,BRKHST - Import,B,2024-04-01,
SOUT,652,EHV_SSP_652,B,2024-04-01,
SOUT,620,EG_SSP_620,D,2024-04-01,
EELC,531,WSBRDG - Import,B,2024-04-01,
SEEB,699,KM3CHP - Export,D,2024-04-01,
ETCL,AH2,HV Network Export,C,2024-04-01,
ETCL,LL1,LV Network Import,A,2024-04-01,
EELC,509,CROYDN - Import,B,2024-04-01,
SOUT,729,EHV_SSP_729,B,2024-04-01,
EELC,459,SCTTOW - Export,D,2024-04-01,
SOUT,638,EG_SSP_638,D,2024-04-01,
EELC,587,ARLAFD - Import,B,2024-04-01,
SEEB,852,NR_BRI - Import,B,2024-04-01,
SOUT,623,EG_SSP_623,D,2024-04-01,
EELC,675,RMWFII - Export,D,2024-04-01,
EELC,556,RMSYSF - Import,B,2024-04-01,
SOUT,Y33,EHV_SSP_Y33,B,2024-04-01,
EELC,467,CLTSHL - Export,D,2024-04-01,
SOUT,888,EHV_SSP_888,B,2024-04-01,
SOUT,609,EG_SSP_609,D,2024-04-01,
SOUT,943,EG_SSP_943,D,2024-04-01,
EELC,492,RANJAC - Import,B,2024-04-01,
SOUT,837,EHV_SSP_837,B,2024-04-01,
SOUT,FL2,LV Network Export,C,2024-04-01,
SEEB,888,SENTIV - Import,B,2024-04-01,
SEEB,715,WLBEES - Export,D,2024-04-01,
SOUT,458,EHV_SSP_458,B,2024-04-01,
SOUT,GL4,LV Substation Export,C,2024-04-01,
SOUT,687,EHV_SSP_687,B,2024-04-01,
EELC,752,DBLANE - Export,D,2024-04-01,
SOUT,959,EG_SSP_959,D,2024-04-01,
SOUT,919,EG_SSP_919,D,2024-04-01,
ETCL,CL3,LV Substation Import,A,2024-04-01,
EELC,789,FENLND - Export,D,2024-04-01,
EELC,716,SCROBY - Export,D,2024-04-01,
SEEB,859,NR_HAS - Import,B,2024-04-01,
SOUT,962,EG_SSP_962,D,2024-04-01,
ETCL,GL4,LV Substation Export,C,2024-04-01,
EELC,785,BRTHS2 - Export,D,2024-04-01,
EELC,706,PICKEN - Export,D,2024-04-01,
EELC,665,LEICSQ - Export,D,2024-04-01,
SEEB,891,BOBBNG - Import,B,2024-04-01,
EELC,449,TROWSF - Export,D,2024-04-01,
SOUT,954,EG_SSP_954,D,2024-04-01,
EELC,861,NR_WEL - Import,B,2024-04-01,
ETCL,MH2,HV Network Export,C,2024-04-01,
EELC,573,MILLDR - Import,B,2024-04-01,
EELC,545,DRAYTN - Import,B,2024-04-01,
SOUT,865,EHV_SSP_865,B,2024-04-01,
SEEB,869,GAT_AF - Import,B,2024-04-01,
SOUT,Y09,EHV_SSP_Y09,B,2024-04-01,
EELC,664,LBZSNS - Export,D,2024-04-01,
ETCL,HL3,LV Substation Import,A,2024-04-01,
SOUT,804,EHV_SSP_804,B,2024-04-01,
SOUT,Z21,EG_SSP_Z21,D,2024-04-01,
SEEB,740,WSTWDX - Export,D,2024-04-01,
SEEB,873,ANMSTR - Import,B,2024-04-01,
SOUT,713,EHV_SSP_713,B,2024-04-01,
EELC,338,INGMSF - Import,B,2024-04-01,
EELC,340,CHEARF - Import,B,2024-04-01,
SEEB,692,TWHK66 - Export,D,2024-04-01,
SOUT,868,EHV_SSP_868,B,2024-04-01,
EELC,480,HRLWDC - Import,B,2024-04-01,
SEEB,707,FORDSF - Export,D,2024-04-01,
EELC,473,NR_MIL - Export,D,2024-04-01,
SEEB,898,ORCHRD - Import,B,2024-04-01,
ETCL,HL4,LV Substation Export,C,2024-04-01,
SEEB,JE1,33kV Import,A,2024-04-01,
SOUT,963,EG_SSP_963,D,2024-04-01,
LOND,816,LNWALL - Import,B,2024-04-01,
SOUT,640,EG_SSP_640,D,2024-04-01,
EELC,854,NR_SHN - Import,B,2024-04-01,
SOUT,875,EHV_SSP_875,B,2024-04-01,
EELC,479,HEINZF - Import,B,2024-04-01,
SOUT,MH1,HV Network Import,A,2024-04-01,
SOUT,958,EG_SSP_958,D,2024-04-01,
SOUT,599,EHV_SSP_599,B,2024-04-01,
SEEB,754,PADWSF - Export,D,2024-04-01,
EELC,813,EMR_TI - Import,B,2024-04-01,
EELC,758,HDGMSF - Export,D,2024-04-01,
EELC,592,BTLCOM - Import,B,2024-04-01,
LOND,847,NR_BRO - Import,B,2024-04-01,
EELC,469,MELBRN - Export,D,2024-04-01,
SOUT,839,EHV_SSP_839,B,2024-04-01,
SOUT,708,HV_SSP_708,B,2024-04-01,
SOUT,807,EHV_SSP_807,B,2024-04-01,
SOUT,DL4,LV Substation Export,C,2024-04-01,
LOND,CH2,HV Network Export,C,2024-04-01,
ETCL,NH1,HV Network Import,A,2024-04-01,
SOUT,886,EHV_SSP_886,B,2024-04-01,
SOUT,KH2,HV Network Export,C,2024-04-01,
EELC,301,BARNFM - Import,B,2024-04-01,
SOUT,861,EHV_SSP_861,B,2024-04-01,
EELC,766,FWINDS - Export,D,2024-04-01,
SOUT,459,EHV_SSP_459,B,2024-04-01,
LOND,711,BELVED - Export,D,2024-04-01,
SOUT,Y29,EHV_SSP_Y29,B,2024-04-01,
EELC,488,PRECIS - Import,B,2024-04-01,
SEEB,727,GROVEH - Export,D,2024-04-01,
LOND,842,NR_W25 - Import,B,2024-04-01,
ETCL,JH1,HV Network Import,A,2024-04-01,
SOUT,CL2,LV Network Export,C,2024-04-01,
EELC,807,NEWHOL - Import,B,2024-04-01,
EELC,718,FBWTHE - Export,D,2024-04-01,
SEEB,833,DIGREA - Import,B,2024-04-01,
EELC,584,UKPRST - Import,B,2024-04-01,
EELC,708,REDTI1 - Export,D,2024-04-01,
EELC,687,HHFARM - Export,D,2024-04-01,
EELC,760,LCKFRD - Export,D,2024-04-01,
EELC,672,OUTWDS - Export,D,2024-04-01,
EELC,852,NR_RAY - Import,B,2024-04-01,
SEEB,895,FORDSF - Import,B,2024-04-01,
EELC,439,CLRDWN - Export,D,2024-04-01,
SEEB,JH2,HV Network Export,C,2024-04-01,
SOUT,676,EHV_SSP_676,B,2024-04-01,
EELC,734,BDWLWF - Export,D,2024-04-01,
EELC,896,REYDON - Import,B,2024-04-01,
ETCL,DL2,LV Network Export,C,2024-04-01,
EELC,AH4,HV Substation Export,C,2024-04-01,
SOUT,781,EG_SSP_781,D,2024-04-01,
SOUT,847,EHV_SSP_847,B,2024-04-01,
LOND,CL2,LV Network Export,C,2024-04-01,
EELC,411,LORDSW - Export,D,2024-04-01,
SOUT,614,EG_SSP_614,D,2024-04-01,
ETCL,HH2,HV Network Export,C,2024-04-01,
SOUT,829,EHV_SSP_829,B,2024-04-01,
EELC,436,BERDHF - Export,D,2024-04-01,
SOUT,Y38,EHV_SSP_Y38,B,2024-04-01,
SEEB,820,OAKLND - Import,B,2024-04-01,
EELC,484,MLVLCM - Import,B,2024-04-01,
SOUT,Z36,EG_SSP_Z36,D,2024-04-01,
SOUT,964,EG_SSP_964,D,2024-04-01,
ETCL,AL1,LV Network Import,A,2024-04-01,
EELC,522,LNGHOE - Import,B,2024-04-01,
EELC,339,THAXSF - Import,B,2024-04-01,
EELC,561,TOOLEY - Import,B,2024-04-01,
SEEB,722,KENTIS - Export,D,2024-04-01,
ETCL,EH2,HV Network Export,C,2024-04-01,
SOUT,808,EHV_SSP_808,B,2024-04-01,
SOUT,Y10,EHV_SSP_Y10,B,2024-04-01,
SOUT,908,EHV_SSP_908,B,2024-04-01,
SOUT,744,EG_EHV_SSP_744,D,2024-04-01,
EELC,674,RMSYSF - Export,D,2024-04-01,
EELC,659,ELSAGE - Export,D,2024-04-01,
SOUT,774,EHV_SSP_774,B,2024-04-01,
SOUT,775,EHV_SSP_775,B,2024-04-01,
SOUT,DL3,LV Substation Import,A,2024-04-01,
ETCL,MH1,HV Network Import,A,2024-04-01,
SOUT,402,EG_SSP_402,D,2024-04-01,
SOUT,KH1,HV Network Import,A,2024-04-01,
SOUT,AL4,LV Substation Export,C,2024-04-01,
SEEB,822,PADWSF - Import,B,2024-04-01,
EELC,307,CRSSNG - Import,B,2024-04-01,
EELC,710,ARLAFD - Export,D,2024-04-01,
EELC,500,STRTHL - Import,B,2024-04-01,
EELC,447,PBPS_2 - Export,D,2024-04-01,
SOUT,Z11,EG_SSP_Z11,D,2024-04-01,
SOUT,911,EG_SSP_911,D,2024-04-01,
SOUT,Y13,EHV_SSP_Y13,B,2024-04-01,
SEEB,741,ASHBYS - Export,D,2024-04-01,
SOUT,Z15,EG_SSP_Z15,D,2024-04-01,
SOUT,LL2,LV Network Export,C,2024-04-01,
LOND,841,NR_W11 - Import,B,2024-04-01,
SOUT,789,EG_SSP_789,D,2024-04-01,
SOUT,KL1,LV Network Import,A,2024-04-01,
SOUT,664,EHV_SSP_664,B,2024-04-01,
SEEB,808,LENHAM - Import,B,2024-04-01,
LOND,702,THAMEC - Export,D,2024-04-01,
SOUT,639,EG_SSP_639,D,2024-04-01,
SOUT,957,EG_SSP_957,D,2024-04-01,
EELC,755,ELLOSF - Export,D,2024-04-01,
EELC,829,NEWSIL - Import,B,2024-04-01,
SOUT,941,EG_SSP_941,D,2024-04-01,
EELC,428,MOLLAV - Import,B,2024-04-01,
SOUT,527,EHV_SSP_527,B,2024-04-01,
SOUT,592,EN_F_SSP_592,A,2024-04-01,
EELC,679,TOGGAM - Export,D,2024-04-01,
SOUT,625,EG_SSP_625,D,2024-04-01,
SOUT,608,EG_SSP_608,D,2024-04-01,
EELC,568,GRNILM - Import,B,2024-04-01,
SOUT,451,EG_SSP_451,D,2024-04-01,
ETCL,ML4,LV Substation Export,C,2024-04-01,
SOUT,674,EHV_SSP_674,B,2024-04-01,
EELC,481,LORDSW - Import,B,2024-04-01,
LOND,840,NR_MAD - Import,B,2024-04-01,
SOUT,Y07,EHV_SSP_Y07,B,2024-04-01,
SOUT,683,EHV_SSP_683,B,2024-04-01,
SOUT,936,EG_SSP_936,D,2024-04-01,
EELC,772,RAINDC - Export,D,2024-04-01,
LOND,819,TWCHST - Import,B,2024-04-01,
SOUT,Y39,EHV_SSP_Y39,B,2024-04-01,
EELC,879,DRAPER - Import,B,2024-04-01,
SOUT,686,EHV_SSP_686,B,2024-04-01,
ETCL,PL4,LV Substation Export,C,2024-04-01,
SOUT,922,EG_SSP_922,D,2024-04-01,
SEEB,735,KNWLTN - Export,D,2024-04-01,
SOUT,HL2,LV Network Export,C,2024-04-01,
SOUT,960,EG_SSP_960,D,2024-04-01,
SOUT,Z35,EG_SSP_Z35,D,2024-04-01,
SOUT,616,EG_SSP_616,D,2024-04-01,
SOUT,835,EHV_SSP_835,B,2024-04-01,
ETCL,AH1,HV Network Import,A,2024-04-01,
EELC,502,SFKEFW - Import,B,2024-04-01,
EELC,463,WSBRDG - Export,D,2024-04-01,
EELC,857,NR_STW - Import,B,2024-04-01,
SOUT,659,EHV_SSP_659,B,2024-04-01,
SOUT,902,IRS_SSP_902,B,2024-04-01,
SOUT,802,EHV_SSP_802,B,2024-04-01,
SOUT,994,EG_SSP_994,D,2024-04-01,
SEEB,738,BRKHST - Export,D,2024-04-01,
EELC,885,HGHFLD - Import,B,2024-04-01,
EELC,520,KNNING - Import,B,2024-04-01,
EELC,560,TOGGAM - Import,B,2024-04-01,
SOUT,654,EHV_SSP_654,B,2024-04-01,
SOUT,649,EG_SSP_649,D,2024-04-01,
SOUT,Z17,EG_SSP_Z17,D,2024-04-01,
SOUT,665,EHV_SSP_665,B,2024-04-01,
EELC,430,WDLWWW - Import,B,2024-04-01,
EELC,461,WIGGIN - Export,D,2024-04-01,
SOUT,595,EHV_SSP_595,B,2024-04-01,
SOUT,925,EG_SSP_925,D,2024-04-01,
EELC,743,WHMLWF - Export,D,2024-04-01,
LOND,801,LU_CHA - Import,B,2024-04-01,
SEEB,890,BNTLEY - Import,B,2024-04-01,
EELC,418,CHEARF - Export,D,2024-04-01,
SOUT,923,EG_SSP_923,D,2024-04-01,
SOUT,866,EHV_SSP_866,B,2024-04-01,
SEEB,719,POSHWF - Export,D,2024-04-01,
SOUT,784,EG_SSP_784,D,2024-04-01,
EELC,566,CRANHM - Import,B,2024-04-01,
EELC,831,PLMPPR - Import,B,2024-04-01,
EELC,776,REYDON - Export,D,2024-04-01,
SEEB,857,NR_EAS - Import,B,2024-04-01,
EELC,747,BROXSF - Export,D,2024-04-01,
EELC,869,ABSRSF - Import,B,2024-04-01,
SOUT,CH1,HV Network Import,A,2024-04-01,
EELC,825,LU_FIN - Import,B,2024-04-01,
SOUT,JL4,LV Substation Export,C,2024-04-01,
LOND,703,NR_W25 - Export,D,2024-04-01,
EELC,742,WDLWWF - Export,D,2024-04-01,
EELC,316,PBPS_2 - Import,B,2024-04-01,
EELC,722,NR_BAS - Export,D,2024-04-01,
SOUT,HL3,LV Substation Import,A,2024-04-01,
SOUT,694,EHV_SSP_694,B,2024-04-01,
SOUT,594,EN_A_SSP_594,B,2024-04-01,
EELC,871,BGWDWF - Import,B,2024-04-01,
SOUT,854,EHV_SSP_854,B,2024-04-01,
EELC,761,EBCKHM - Export,D,2024-04-01,
SOUT,EH1,HV Network Import,A,2024-04-01,
SOUT,Z37,EG_SSP_Z37,D,2024-04-01,
SOUT,767,EHV_SSP_767,B,2024-04-01,
SOUT,AH2,HV Network Export,C,2024-04-01,
LOND,CE2,33kV Export,C,2024-04-01,
SOUT,Z34,EG_SSP_Z34,D,2024-04-01,
SEEB,739,OLDRSF - Export,D,2024-04-01,
SEEB,736,LENHAM - Export,D,2024-04-01,
EELC,591,BPTLTD - Import,B,2024-04-01,
SOUT,Z02,EG_SSP_Z02,D,2024-04-01,
EELC,335,CROWNP - Import,B,2024-04-01,
SOUT,678,EHV_SSP_678,B,2024-04-01,
SOUT,895,EHV_SSP_895,B,2024-04-01,
SOUT,627,EG_SSP_627,D,2024-04-01,
SEEB,JL1,LV Network Import,A,2024-04-01,
SOUT,740,EG_EHV_SSP_740,D,2024-04-01,
SEEB,691,THAMEM - Export,D,2024-04-01,
EELC,521,LNGFRD - Import,B,2024-04-01,
SOUT,974,EG_SSP_974,D,2024-04-01,
EELC,693,PLYTRS - Export,D,2024-04-01,
SOUT,701,HV_SSP_701,B,2024-04-01,
EELC,753,DRAPER - Export,D,2024-04-01,
EELC,806,BS_WIS - Import,B,2024-04-01,
SOUT,874,EHV_SSP_874,B,2024-04-01,
SOUT,Z14,EG_SSP_Z14,D,2024-04-01,
ETCL,GL1,LV Network Import,A,2024-04-01,
SOUT,EH2,HV Network Export,C,2024-04-01,
ETCL,JL3,LV Substation Import,A,2024-04-01,
EELC,508,BRTHS2 - Import,B,2024-04-01,
SOUT,983,EG_SSP_983,D,2024-04-01,
SOUT,663,EHV_SSP_663,B,2024-04-01,
SOUT,690,EHV_SSP_690,B,2024-04-01,
EELC,883,EYEWFM - Import,B,2024-04-01,
EELC,827,BDWLWF - Import,B,2024-04-01,
SOUT,718,EHV_SSP_718,B,2024-04-01,
EELC,419,WCKHAM - Export,D,2024-04-01,
EELC,657,CRSSNG - Export,D,2024-04-01,
ETCL,AL3,LV Substation Import,A,2024-04-01,
SEEB,803,KNWLTN - Import,B,2024-04-01,
SOUT,950,EG_SSP_950,D,2024-04-01,
SEEB,877,KENTIS - Import,B,2024-04-01,
EELC,466,BLGTSF - Export,D,2024-04-01,
EELC,654,BNNSHL - Export,D,2024-04-01,
SOUT,901,EHV_SSP_901,B,2024-04-01,
EELC,788,EXNING - Export,D,2024-04-01,
EELC,671,OULTON - Export,D,2024-04-01,
SOUT,Y28,EHV_SSP_Y28,B,2024-04-01,
SOUT,624,EG_SSP_624,D,2024-04-01,
SOUT,Z20,EG_SSP_Z20,D,2024-04-01,
SOUT,673,EHV_SSP_673,B,2024-04-01,
ETCL,CL2,LV Network Export,C,2024-04-01,
SOUT,696,EHV_SSP_696,B,2024-04-01,
SOUT,884,EHV_SSP_884,B,2024-04-01,
SOUT,710,HV_SSP_710,B,2024-04-01,
EELC,856,NR_SPR - Import,B,2024-04-01,
EELC,544,CLDECT - Import,B,2024-04-01,
LOND,843,GBLSWI - Import,B,2024-04-01,
SOUT,BH2,HV Network Export,C,2024-04-01,
SOUT,822,EHV_SSP_822,B,2024-04-01,
EELC,662,HOLTON - Export,D,2024-04-01,
EELC,454,LNGHOE - Export,D,2024-04-01,
SEEB,828,TONGSF - Import,B,2024-04-01,
EELC,342,WCKHAM - Import,B,2024-04-01,
SOUT,BH1,HV Network Import,A,2024-04-01,
SOUT,Y21,EHV_SSP_Y21,B,2024-04-01,
EELC,313,HRSFEN - Import,B,2024-04-01,
SOUT,632,EG_SSP_632,D,2024-04-01,
LOND,829,BRKFLD - Import,B,2024-04-01,
SOUT,693,EHV_SSP_693,B,2024-04-01,
SOUT,685,EHV_SSP_685,B,2024-04-01,
SOUT,681,EHV_SSP_681,B,2024-04-01,
EELC,859,NR_TOT - Import,B,2024-04-01,
EELC,574,MILLFM - Import,B,2024-04-01,
SOUT,797,EG_SSP_797,D,2024-04-01,
SEEB,708,GUSTON - Export,D,2024-04-01,
SEEB,711,TONGSF - Export,D,2024-04-01,
EELC,551,LWRNCE - Import,B,2024-04-01,
LOND,CH4,HV Substation Export,C,2024-04-01,
EELC,517,HOBACK - Import,B,2024-04-01,
EELC,AE1,33kV Import,A,2024-04-01,
ETCL,KH1,HV Network Import,A,2024-04-01,
SOUT,521,EG_SSP_521,D,2024-04-01,
EELC,817,FBWTHE - Import,B,2024-04-01,
EELC,689,HRSFEN - Export,D,2024-04-01,
ETCL,LL4,LV Substation Export,C,2024-04-01,
SOUT,Z04,EG_SSP_Z04,D,2024-04-01,
EELC,506,BOXTED - Import,B,2024-04-01,
SEEB,725,AYLESF - Export,D,2024-04-01,
EELC,495,UB_EYE - Import,B,2024-04-01,
SOUT,404,EG_SSP_404,D,2024-04-01,
SOUT,666,EHV_SSP_666,B,2024-04-01,
EELC,468,LDAHSF - Export,D,2024-04-01,
SOUT,Y17,EHV_SSP_Y17,B,2024-04-01,
EELC,548,HONYSM - Import,B,2024-04-01,
SOUT,Y19,EHV_SSP_Y19,B,2024-04-01,
EELC,AL1,LV Network Import,A,2024-04-01,
EELC,721,NR_CRW - Export,D,2024-04-01,
EELC,832,PP_COR - Import,B,2024-04-01,
EELC,431,LU_NEA - Import,B,2024-04-01,
EELC,AX1,132kV Import,A,2024-04-01,
SEEB,712,BNTLY2 - Export,D,2024-04-01,
SOUT,779,EG_SSP_779,D,2024-04-01,
SEEB,827,POSHWF - Import,B,2024-04-01,
SOUT,MH2,HV Network Export,C,2024-04-01,
SOUT,ML3,LV Substation Import,A,2024-04-01,
SOUT,879,EHV_SSP_879,B,2024-04-01,
SOUT,782,EG_SSP_782,D,2024-04-01,
EELC,542,CHFARM - Import,B,2024-04-01,
EELC,735,BRTHSS - Export,D,2024-04-01,
ETCL,KL2,LV Network Export,C,2024-04-01,
ETCL,JL1,LV Network Import,A,2024-04-01,
SEEB,832,SHEPHM - Import,B,2024-04-01,
SOUT,645,EG_SSP_645,D,2024-04-01,
SEEB,705,BOBBNG - Export,D,2024-04-01,
SOUT,821,EHV_SSP_821,B,2024-04-01,
EELC,462,WLBRHM - Export,D,2024-04-01,
EELC,800,ARAMAN - Import,B,2024-04-01,
EELC,311,GRNFRM - Import,B,2024-04-01,
EELC,653,BLCAMB - Export,D,2024-04-01,
SEEB,823,SOLEES - Import,B,2024-04-01,
SOUT,Z38,EG_SSP_Z38,D,2024-04-01,
SOUT,742,EG_EHV_SSP_742,D,2024-04-01,
SOUT,Y30,EHV_SSP_Y30,B,2024-04-01,
EELC,811,EDLPIT - Import,B,2024-04-01,
SOUT,Y15,EHV_SSP_Y15,B,2024-04-01,
SOUT,862,EHV_SSP_862,B,2024-04-01,
EELC,661,GRNFRM - Export,D,2024-04-01,
EELC,835,CTWDFM - Import,B,2024-04-01,
SOUT,DL2,LV Network Export,C,2024-04-01,
EELC,763,LEXHSF - Export,D,2024-04-01,
ETCL,BL3,LV Substation Import,A,2024-04-01,
EELC,485,MNBRNZ - Import,B,2024-04-01,
SOUT,Y02,EHV_SSP_Y02,B,2024-04-01,
SOUT,857,EHV_SSP_857,B,2024-04-01,
SOUT,CL1,LV Network Import,A,2024-04-01,
EELC,781,AVENUE - Export,D,2024-04-01,
SOUT,633,EG_SSP_633,D,2024-04-01,
SOUT,904,EHV_SSP_904,B,2024-04-01,
EELC,303,CLAYPV - Import,B,2024-04-01,
EELC,696,SWNLND - Export,D,2024-04-01,
SOUT,HH2,HV Network Export,C,2024-04-01,
SOUT,800,EHV_SSP_800,B,2024-04-01,
EELC,417,THAXSF - Export,D,2024-04-01,
SOUT,727,EHV_SSP_727,B,2024-04-01,
EELC,819,WILLIA - Import,B,2024-04-01,
EELC,809,DRABED - Import,B,2024-04-01,
ETCL,AL2,LV Network Export,C,2024-04-01,
SEEB,835,BP_OIL - Import,B,2024-04-01,
SOUT,838,EHV_SSP_838,B,2024-04-01,
EELC,688,LYONSH - Export,D,2024-04-01,
SOUT,DH2,HV Network Export,C,2024-04-01,
SOUT,Y03,EHV_SSP_Y03,B,2024-04-01,
SOUT,896,EHV_SSP_896,B,2024-04-01,
SOUT,819,EHV_SSP_819,B,2024-04-01,
EELC,443,GREYSH - Export,D,2024-04-01,
ETCL,BH2,HV Network Export,C,2024-04-01,
SEEB,704,DSCPRK - Export,D,2024-04-01,
SOUT,GL2,LV Network Export,C,2024-04-01,
SOUT,734,EG_SSP_734,D,2024-04-01,
SEEB,710,MVVRID - Export,D,2024-04-01,
EELC,782,BDGHSE - Export,D,2024-04-01,
SEEB,865,NR_THA - Import,B,2024-04-01,
SOUT,953,EG_SSP_953,D,2024-04-01,
SOUT,711,EHV_SSP_711,B,2024-04-01,
EELC,780,ASTONC - Export,D,2024-04-01,
EELC,656,CLDECT - Export,D,2024-04-01,
SOUT,622,EG_SSP_622,D,2024-04-01,
EELC,482,LAKENH - Import,B,2024-04-01,
SOUT,Y34,EHV_SSP_Y34,B,2024-04-01,
EELC,787,CROYDN - Export,D,2024-04-01,
SEEB,JE2,33kV Export,C,2024-04-01,
EELC,737,EARLHF - Export,D,2024-04-01,
LOND,821,BLMBGS - Import,B,2024-04-01,
EELC,464,WOOLLY - Export,D,2024-04-01,
SOUT,585,EHV_SSP_585,B,2024-04-01,
SOUT,Z30,EG_SSP_Z30,D,2024-04-01,
EELC,778,SPRIGS - Export,D,2024-04-01,
SEEB,875,GROVEH - Import,B,2024-04-01,
SEEB,819,MLEHLL - Import,B,2024-04-01,
SOUT,Y06,EHV_SSP_Y06,B,2024-04-01,
SOUT,815,EHV_SSP_815,B,2024-04-01,
SOUT,675,EHV_SSP_675,B,2024-04-01,
ETCL,EL2,LV Network Export,C,2024-04-01,
EELC,821,BROGB_ - Import,B,2024-04-01,
SOUT,607,EG_SSP_607,D,2024-04-01,
EELC,849,NR_MIL - Import,B,2024-04-01,
SOUT,927,EG_SSP_927,D,2024-04-01,
SOUT,966,EG_SSP_966,D,2024-04-01,
LOND,802,THAMEC - Import,B,2024-04-01,
EELC,846,NR_KNG - Import,B,2024-04-01,
EELC,577,PLYTRS - Import,B,2024-04-01,
SOUT,631,EG_SSP_631,D,2024-04-01,
SOUT,Z25,EG_SSP_Z25,D,2024-04-01,
EELC,860,NR_UGL - Import,B,2024-04-01,
EELC,733,TILBUR - Export,D,2024-04-01,
SOUT,840,EHV_SSP_840,B,2024-04-01,
EELC,586,ADBRKS - Import,B,2024-04-01,
EELC,409,BREFC1 - Export,D,2024-04-01,
EELC,738,GLASM2 - Export,D,2024-04-01,
SOUT,650,EHV_SSP_650,B,2024-04-01,
EELC,441,ERNUNN - Export,D,2024-04-01,
SEEB,860,NR_LEA - Import,B,2024-04-01,
EELC,834,RANSON - Import,B,2024-04-01,
EELC,448,POBAIL - Export,D,2024-04-01,
SEEB,844,GLASSN - Import,B,2024-04-01,
LOND,827,SELCHP - Import,B,2024-04-01,
EELC,713,EDLPIT - Export,D,2024-04-01,
EELC,571,HDATTP - Import,B,2024-04-01,
SOUT,833,EHV_SSP_833,B,2024-04-01,
SOUT,GH2,HV Network Export,C,2024-04-01,
EELC,553,NEWTON - Import,B,2024-04-01,
ETCL,DL3,LV Substation Import,A,2024-04-01,
EELC,884,HDGMSF - Import,B,2024-04-01,
EELC,894,NNFKSF - Import,B,2024-04-01,
EELC,308,ERNUNN - Import,B,2024-04-01,
ETCL,EL1,LV Network Import,A,2024-04-01,
EELC,504,AVENUE - Import,B,2024-04-01,
SOUT,Y18,EHV_SSP_Y18,B,2024-04-01,
SOUT,906,EHV_SSP_906,B,2024-04-01,
ETCL,KL3,LV Substation Import,A,2024-04-01,
SOUT,867,EHV_SSP_867,B,2024-04-01,
SOUT,452,EHV_SSP_452,B,2024-04-01,
SOUT,891,EHV_SSP_891,B,2024-04-01,
EELC,435,AIAMAN - Export,D,2024-04-01,
LOND,814,LIMEST - Import,B,2024-04-01,
EELC,762,HALLFM - Export,D,2024-04-01,
EELC,844,NR_GRA - Import,B,2024-04-01,
EELC,658,DRAYTN - Export,D,2024-04-01,
ETCL,PL1,LV Network Import,A,2024-04-01,
SEEB,863,NR_QUE - Import,B,2024-04-01,
SEEB,896,MARSHB - Import,B,2024-04-01,
SOUT,651,EHV_SSP_651,B,2024-04-01,
SOUT,619,EG_SSP_619,D,2024-04-01,
LOND,837,LU_MAN - Import,B,2024-04-01,
SOUT,796,EG_SSP_796,D,2024-04-01,
SOUT,805,EHV_SSP_805,B,2024-04-01,
SOUT,903,IRS_SSP_903 (NHH),B,2024-04-01,
SOUT,831,EHV_SSP_831,B,2024-04-01,
ETCL,HL1,LV Network Import,A,2024-04-01,
ETCL,EL3,LV Substation Import,A,2024-04-01,
SOUT,735,EHV_SSP_735,B,2024-04-01,
SOUT,989,EG_SSP_989,D,2024-04-01,
SEEB,702,WDLNDS - Export,D,2024-04-01,
EELC,575,MOWLEM - Import,B,2024-04-01,
SEEB,854,NR_CAN - Import,B,2024-04-01,
EELC,565,POBAIL - Import,B,2024-04-01,
EELC,891,MDWFRM - Import,B,2024-04-01,
ETCL,KL4,LV Substation Export,C,2024-04-01,
SOUT,644,EG_SSP_644,D,2024-04-01,
SOUT,Z01,EG_SSP_Z01,D,2024-04-01,
SEEB,893,CAPELG - Import,B,2024-04-01,
SOUT,Y20,EHV_SSP_Y20,B,2024-04-01,
EELC,476,GLXOST - Import,B,2024-04-01,
SEEB,698,NEWRID - Export,D,2024-04-01,
SOUT,945,EG_SSP_945,D,2024-04-01,
EELC,547,HOLTON - Import,B,2024-04-01,
LOND,CL1,LV Network Import,A,2024-04-01,
SOUT,834,EHV_SSP_834,B,2024-04-01,
ETCL,ML2,LV Network Export,C,2024-04-01,
EELC,337,THORNM - Import,B,2024-04-01,
