ISDEntityM4,LoadShapeCategories,1,F
Market Segment Indicator,GSP Group ID,Load Shape Domestic Premises Indicator,Measurement Quantity ID,Non-Smart Switched Load Profile Class, Off-Peak Period (UTC) Start Time,Off-Peak Period (UTC) End Time,Connection Type Indicator,De-minimis Data Count
S,_H,,AE,,,,W,50
A,,,AI,,,,H,50
S,_H,,AI,04,00:30,07:30,W,50
S,_A,,AE,,,,W,50
S,_G,,AE,,,,W,50
S,_J,,AI,04,00:30,07:30,W,50
S,_B,,AE,,,,W,50
A,,,AI,,,,E,50
S,_P,,AE,,,,W,50
S,_K,,AI,02,00:30,07:30,W,50
S,_J,,AE,,,,W,50
S,_B,,AI,04,00:30,07:30,W,50
S,_H,,AI,02,00:30,07:30,W,50
S,_L,,AE,,,,W,50
S,_L,,AI,04,00:00,07:00,W,50
S,_M,,AI,04,00:30,07:30,W,50
S,_G,,AI,02,00:30,07:30,W,50
S,_D,,AE,,,,W,50
S,_A,,AI,04,00:00,07:00,W,50
S,_C,,AE,,,,W,50
S,_F,,AI,02,00:00,07:00,W,50
U,,,AE,,,,U,50
S,_F,,AI,04,00:00,07:00,W,50
S,_F,,AE,,,,W,50
S,_L,,AE,,,,W,50
S,_B,,AE,,,,W,50
S,_C,,AI,02,00:30,07:30,W,50
S,_L,,AI,02,00:00,07:00,W,50
S,_E,,AE,,,,W,50
S,_N,,AE,,,,W,50
S,_B,,AI,02,00:30,07:30,W,50
S,_J,,AI,02,00:30,07:30,W,50
S,_A,,AE,,,,W,50
S,_F,,AE,,,,W,50
S,_G,,AE,,,,W,50
A,,,AE,,,,E,50
A,,,AI,,,,L,50
S,_M,,AI,02,00:30,07:30,W,50
U,,,AI,,,,U,50
S,_D,,AE,,,,W,50
S,_D,,AI,04,00:30,07:30,W,50
A,,,AI,,,,W,50
S,_E,,AE,,,,W,50
S,_N,,AE,,,,W,50
A,,,AE,,,,L,50
S,_C,,AE,,,,W,50
S,_D,,AI,02,00:30,07:30,W,50
A,,,AE,,,,H,50
S,_M,,AE,,,,W,50
S,_E,,AI,02,00:30,07:30,W,50
S,_N,,AI,02,00:00,07:00,W,50
S,_K,,AI,04,00:30,07:30,W,50
S,_M,,AE,,,,W,50
S,_J,,AE,,,,W,50
S,_C,,AI,04,00:00,07:30,W,50
S,_H,,AE,,,,W,50
S,_A,,AI,02,00:00,07:00,W,50
S,_E,,AI,04,00:30,07:30,W,50
A,,,AE,,,,W,50
S,_G,,AI,04,00:30,07:30,W,50
S,_K,,AE,,,,W,50
S,_P,,AI,04,00:00,07:00,W,50
S,_P,,AE,,,,W,50
S,_K,,AE,,,,W,50
S,_N,,AI,04,00:00,07:00,W,50
S,_P,,AI,02,00:00,07:00,W,50
