ISDEntity1,MarketParticipantOrganisation,1,F
Company Registration Number,Registered Company Name,ISO Country Code
999900009,Economy Energy Supply Limited,GB
10298693,MAXEN POWER SUPPLY LIMITED,GB
5672058,Procode Technology Limited,GB
12266916,Callisto Data Limited,GB
04112320,Northern Powergrid (Yorkshire) Plc,GB
99213460,Scottish Hydro Electric Power Distribution Ltd,GB
09633506,Eclipse Power Networks Limited,GB
11212563,Valda Energy Limited,GB
3492015,Utility Data Services Limited,GB
4347402,T-Mobile Limited,GB
07489042,Shell Energy UK Limited,GB
4398605,UK Healthcare Corporation Limited,GB
9134831,Palladium Energy Supply Limited,GB
03929195,London Power Networks Plc,GB
99263298,Flexitricity Limited,GB
999900004,Bluebell Energy Supply Ltd,GB
7235268,Utility Energy Solutions Ltd,GB
04945062,B Global Metering Limited,GB
10861487,PERLE ENERGY LIMITED,GB
12135088,Magnum Meter Finance Ltd,GB
999900014,HAWAII ENERGY LIMITED,GB
13381297,Dare Power Ltd,GB
99215842,SP Dataserve Ltd,GB
999900032,Piranello Energy Supply Ltd,GB
3857864,EXPLEO TECHNOLOGY UK LIMITED,GB
07545420,I Supply Energy Limited,GB
10364177,ElectroRoute Energy Limited,GB
5615669,E.ON UK Energy Services Limited,GB
06468946,SmartestEnergy Business Limited,GB
999900021,MICHIGAN ENERGY LIMITED,GB
9688977,ESB ENERGY LTD,GB
9980335,Vattenfall Energy Trading GmbH,GB
04382246,Opus Energy Limited,GB
9415958,Droylsden Metering Services Limited,GB
09263368,Affect Energy Ltd,GB
2550622,RWE RENEWABLES UK SWINDON LIMITED,GB
6844261,Horizon Energy Infrastructure Limited,GB
12291202,Morrison Energy Services Ltd,GB
10972017,UC Energy Ltd,GB
06339585,UK Power Distribution Limited,GB
999900018,Npower Commercial Gas Ltd,GB
9857773,National Grid Elec Dist (East Midlands),GB
06616147,EPG Energy Limited,GB
5070613,First Utility Ltd,GB
999900036,Keep Energy Limited,GB
03043097,South Eastern Power Networks Plc,GB
99234694,Last Mile Electricity Ltd,GB
999900045,Zythos Energy Limited,GB
14415312,Bulb UK Operations Limited,GB
10190946,Preston Metering Services Ltd,GB
12014731,KRAKEN TECHNOLOGIES LIMITED,GB
03197379,SMS Energy Services Ltd,GB
14657793,Advanced Electricity Network,GB
13901266,Independent Distribution Connection Specialists Limited,GB
999900019,MASSACHUSETTS ENERGY LIMITED,GB
11437601,Squire Energy Metering Ltd,GB
12159646,Indigo Power Limited,GB
10190456,Keighley Metering Services Limited,GB
10978522,Stallion Power Limited,GB
999900005,CALIFORNIA ENERGY LIMITED,GB
12678477,Deneba Energy Supply Ltd,GB
12012624,Smart Choice Metering,GB
14306708,Kensington Meter Asset Ltd,GB
999900011,FLORIDA ENERGY LIMITED,GB
10532966,STARK UTILITY FUNDING LIMITED,GB
999900049,Habitat Energy Limited,GB
07111074,Farmoor Energy Limited,GB
10861569,SIMCOE ENERGY LIMITED,GB
03600574,National Grid Elec Dist (West Midlands),GB
12670975,Orange Limited,GB
10167383,Planet 9 Energy Limited,GB
99117119,SSE plc,GB
999900029,BRISTOL ENERGY,GB
09933244,Delta Gas And Power Ltd,GB
04367685,TMA Data Management Ltd,GB
11212036,Coniston Energy Limited,GB
1471587,Vodafone Ltd,GB
03768856,Npower Commercial Gas Limited,GB
10971802,BGI Trading Limited,GB
3432100,Npower Commercial Gas Limited,GB
06858121,OVO Electricity Limited,GB
8862096,Smart Meter Assets 1 Limited,GB
14616578,Aidien Limited,GB
09256369,Farringdon Energy Limited,GB
12665145,Scorpia Energy Supply Ltd,GB
07488842,Coulomb Energy Supply Limited,GB
03043412,Renewable Energy Company Ltd,GB
04236804,ENGIE Power Limited,GB
04849181,Utilita Energy Limited,GB
04711888,Power Data Associates Ltd,GB
03078711,British Gas Trading Ltd,GB
999900026,Addito Energy Limited,GB
3440010,Haste Limited,GB
02906593,Northern Powergrid (Northeast) Plc,GB
02911704,Stark Software International Ltd,GB
09485442,ELECTRAPHASE LIMITED,GB
04194006,Green Energy (UK) Plc,GB
10872509,P3P Energy Supply Limited,GB
04935008,Independent Power Networks Ltd,GB
10767623,Cilleni Energy Supply Limited,GB
05893966,Drax Energy Solutions Limited,GB
05070887,Shell Energy Retail Limited,GB
09689035,Foxglove Energy Supply Limited,GB
09310083,Switch Business Gas and Power Ltd,GB
3768857,Octopus Energy Services Ltd,GB
6895776,Solarplicity Energy Limited,GB
999900017,Tempus Energy Supply Limited,GB
2366894,National Grid Elec Dist (South West),GB
5867292,Macquarie Leasing Limited,GB
999900027,OHIO ENERGY LIMITED,GB
6022920,Solutions Asset Finance Ltd,GB
999900007,Donnington Energy Limited,GB
02366923,COMPLETE METERING LIMITED,GB
09875997,Regent Power Limited,GB
02366970,E.ON UK Plc,GB
99554085,SP Smart Meter Assets Limited,GB
09812682,Squeaky Clean Energy Limited,GB
05199937,Opus Energy (Corporate) Limited,GB
10025010,Shell Energy UK Ltd,GB
5855567,Orsis UK (Ltd),GB
07524841,F & S Energy Ltd,GB
10989875,Retail Energy Code Company Limited,GB
11543743,Dual Meter Systems Limited,GB
10190546,Oakmere Metering Services Ltd,GB
12665276,Castula Energy Supply Limited,GB
6890795,OVO Energy Ltd,GB
999900003,Bayswater Energy Limited,GB
09284085,SINQ POWER LIMITED,GB
11629914,Oval Energy Limited,GB
08358816,United Gas & Power Limited,GB
999900040,The Team Group of Companies UK,GB
08474535,Marble Power Limited,GB
999900023,Morgan Stanley Capital Grp Inc,GB
99189125,SP Distribution Plc,GB
07255054,Utility Assets Limited,GB
10190857,Leyland Metering Services Ltd,GB
9583393,Syndicate City Limited,GB
08500792,MVV Environment Services Limited,GB
5215351,Foresight Metering Limited,GB
03899612,Good Energy Limited,GB
02366949,Electricity North West Limited,GB
05581824,The Electricity Network Company Limited,GB
08474516,Barbican Power Limited,GB
02172239,Total Gas & Power Limited,GB
12878946,Bluesky Metering Services Limited,GB
999900041,Temple Energy Limited,GB
947968,CGI IT UK Limited,GB
11212524,Bowfell Energy Limited,GB
999900025,British Energy Generation Ltd,GB
999900046,UK Power Networks (IDNO),GB
08053212,Robin Hood Energy Limited,GB
07931804,Energy Assets Group Limited,GB
9792495,Complete Metering Limited,GB
99318950,OVO Energy Limited,GB
11042718,DODO ENERGY LIMITED,GB
999900043,Vavu Power Limited,GB
4969740,EA ENERGY SOLUTIONS LTD,GB
3131192,Amey Metering Limited,GB
9919624,Meter Fit 20 Limited,GB
03994598,Smartestenergy Limited,GB
13244732,SMAP Technologies Limited,GB
11111111,Unknown Company,GB
10622250,mua Electricity Limited,GB
06993470,The Co-operative Energy Ltd,GB
10610592,E2M - Energy Trading Ltd.,GB
09263424,Octopus Energy Limited,GB
02731769,Vattenfall Networks Ltd,GB
999900050,Home Energy Trading Ltd,GB
999900013,GEORGIA ENERGY LIMITED,GB
10189300,Metering Services Ltd,GB
9792544,Simply Electric Metering Ltd,GB
08246795,Holborn Energy Limited,GB
06957198,ECO GREEN MANAGEMENT LIMITED,GB
9688964,Snowdrop Energy Supply Limited,GB
10190478,Nelson Metering Services Limited,GB
999900034,Royal Bank of Scotland,GB
12537968,Omni Assets Ltd,GB
13096911,Cortex Metering Solutions Limited,GB
12311416,Yu-Smart Limited,GB
09283816,Hartree Partners Supply (UK) Limited,GB
10167351,Bryt Energy Limited,GB
11211289,Radius Energy Ltd,GB
999900001,ALBUQUERQUE ENERGY LIMITED,GB
11751922,Kentucky Energy Limited,GB
11629868,Borough Energy Limited,GB
11243908,AI Asset Provider Limited,GB
02366906,Eastern Power Networks Plc,GB
07385282,UK Power Reserve Limited,GB
999900035,Satus Energy Limited,GB
11830932,Quantum Smart Solutions,GB
09866059,Conrad Energy Limited,GB
04402008,ASL Holdings Limited,GB
11042157,DIGITAL POWER ENERGY SUPPLY UK,GB
10300613,URE Energy Limited,GB
12067103,Fulmar Services Limited,GB
11630460,Golders Energy Limited,GB
999900010,OVO Electricity Limited,GB
9223384,National Grid Electricity Distribution Plc,GB
10224955,Vantage Meters (MAP 1) Limited,GB
10971782,Smart Pay Energy Ltd,GB
8568952,AES Smart Metering Ltd,GB
999900008,Reuben Power Supply Limited,GB
7647856,Northern Powergrid Metering,GB
8785057,OVO Field Force Ltd,GB
02798334,Corona Energy Retail 4 Limited,GB
8309394,Magic Thermodynamic Box,GB
4418909,Dudgeon Offshore Wind Ltd,GB
999900037,Sunflower Energy Supply Ltd,GB
999900038,OVO (S) Electricity Limited,GB
04718806,ESP Electricity Ltd,GB
10972000,Flick Energy Ltd,GB
9415883,Magnum Utilities Limited,GB
7489052,Orsted Power Sales (UK) Limited,GB
09256462,Edgware Energy Limited,GB
10434397,Octopus Energy Services Ltd,GB
12586669,PRI Ltd,GB
09735768,TOMATO ENERGY LIMITED,GB
5852899,Utilita Field Services Limited,GB
11357910,Crown Gas and Power 2 Limited,GB
10769307,D-Energi Trading Limited,GB
12919997,Meter Corp 4 Ltd,GB
12811666,The Electricity Board Ltd,GB
09688876,Toucan Energy Limited,GB
14668032,Aurora Utilities Limited,GB
99035811,Statkraft Markets Gmbh,DE
09813644,Tym Huckin Ltd,GB
02749624,IMServ Europe Ltd,GB
9416007,Bury Metering Services Ltd,GB
999900006,Callesti Energy Supply Ltd,GB
07489062,Flow Energy Ltd,GB
03653277,Npower Limited,GB
09263398,Arto.Energy Limited,GB
05199936,Electricity Plus Supply Ltd,GB
09198137,Constellation Generation Limited,GB
10769475,Stratford Place Utilities Ltd,GB
09523118,Unify Energy Limited,GB
08469701,Fuse Energy Supply Limited,GB
09995796,Dyce Energy Ltd,GB
06993636,NEAS Energy Ltd.,GB
11042378,Clean Energy Supply Ltd,GB
12230071,CRAIL Meters Limited,GB
06600942,AXPO UK LIMITED,GB
9969384,Future Energy Metering Limited,GB
4330445,O2 Limited,GB
999900028,Avid Energy limited,GB
11630527,Belsize Energy Limited,GB
53419,HP Enterprise Services UK LTD,GB
02366937,SP Manweb Plc,GB
06684589,Leep Electricity Networks Ltd,GB
07330883,Harlaxton Energy Networks Ltd,GB
10068882,Energy Assets Networks Limited,GB
4410548,Meter Fit (North East) Limited,GB
999900044,Willamette Energy Limited,GB
03904624,SEFE Energy Limited,GB
02228297,EDF Energy Customers Limited,GB
04094290,Southern Electric Power Distribution Plc,GB
9901553,Meter Corp Ltd,GB
03407430,E.ON Energy Solutions Limited,GB
11751953,Idaho Energy Limited,GB
09735909,Tru Energy Limited,GB
12668173,Dracus Energy Supply Limited,GB
5618883,Maple TopCo Limited,GB
999900042,Power4All,GB
09263295,SO Energy Trading Limited,GB
999900039,SANTANA ENERGY LIMITED,GB
3782949,ELEXON LIMITED,GB
10301050,Victory Energy Supply Limited,GB
999900020,MATTINA LIMITED,GB
99190287,Scottish Power Energy Retail Ltd,GB
999900022,MINNESOTA ENERGY LIMITED,GB
09523024,Business Power and Gas Limited,GB
08462158,Trutinor Ltd,GB
00727817,Siemens Managed Applications & Services,GB
999900012,IPM Energy Retail Ltd,GB
999900015,Inovyn Chlor Energy Ltd,GB
02366985,National Grid Elec Dist (South Wales),GB
07126582,Opus Energy Renewables Limited,GB
9919526,Meter Fit 10 Limited,GB
999900048,Conrad Energy (Trading) Ltd,GB
11042192,Square1 Energy Limited,GB
9792454,Dynamic Electric Metering Ltd,GB
07139151,Stark Connect Ltd,GB
12070780,Solace Utilities Ltd,GB
09523048,Pozitive Energy Limited,GB
08520118,E (GAS AND ELECTRICITY) LTD,GB
00908982,BP Gas Marketing Limited,GB
11374646,Equinicity Ltd,GB
06882734,BES Commercial Electricity Ltd,GB
30167836,Eneco Energy Trade B.V.,GB
12886062,Maryland Energy Limited,GB
999900047,GB METERING SERVICES LIMITED,GB
9969403,Central Homes & Facilities Management Limited,GB
4274515,ITRON Metering Solutions UK,GB
999900002,Axis Telecom Ltd,GB
11024024,Optimal Power Networks Limited,GB
03757502,SSE Energy Supply Limited,GB
04190816,BT Group Plc,GB
10610384,Commotex Limited,GB
08019627,Fulcrum Electricity Assets Ltd,GB
04162523,Shell Energy Europe Limited,GB
9844887,One Wales Energy Ltd,GB
9792436,Functional Metering Limited,GB
08246810,Yu Energy Retail Limited,GB
03782443,E.ON Next Energy Ltd,GB
99189126,SP Transmission Plc,GB
7423439,Meter Fit Assets Limited,GB
4883589,Drax Power Ltd,GB
09523064,BROOK GREEN TRADING LIMITED,GB
2366977,National Grid Electricity Transmission Plc,GB
09844621,Scope Energy Solutions Limited,GB
10167186,Bristol Energy Limited,GB
99022176,Renantis Energy Trading UK,GB
10364306,Home Energy Trading Limited,GB
08246300,Limejump Energy Limited,GB
03364728,Calisen Metering Services Limited,GB
10191617,Fulcrum Metering Services Ltd,GB
13447134,Love Smart Limited,GB
09253945,Mongoose Energy Supply Limited,GB
999900033,Npower Ltd,GB
