ISDEntity21,MarketRole,1,F
Market Participant Role Code,Market Role Description
Q,Unmetered Supplies Data Service Agent
S,Smart Meter Equipment Manager
9,Communications Provider
T,Advanced Meter Equipment Manager
U,Market Domain Data Agent
G,ISR/IAR Agent
X,Supplier
7,Asset Metering Virtual Lead Party
A,HH Data Aggregator
Y,Safe Isolation Providers
5,Smart Metering System Operator
6,Non Half Hourly Data Retriever
1,Green Deal Provider
P,PRS Agent
H,Contract for Difference (CFD) Generator
V,Prepayment Meter Infrastructure Provider
R,Distributor
B,Non-HH Data Aggregator
Z,Non-core Role
0,Green Deal Licensee
2,Green Deal Remittance Processor
E,Capacity Market (CM) Capacity Provider
O,Advanced Data Service Agent
D,Non-HH Data Collector
K,Crowded Meter Room Co-ordinator (CMRC)
F,Pool Funds Administrator
8,Meter Asset Provider (MAP)
J,Supply Fault Information Centre
M,Meter Operator
I,Teleswitch Agent
3,Unmetered Supplies Operator (UMSO)
C,HH Data Collector
N,Smart Data Service Agent
4,Meter Administrator (MA)
W,Revenue Protection Service
L,Electricity Central Online ENQ Service
