ISDEntity47,MeasurementQuantity,1,F
Measurement Quantity ID,Measurement Quantity Description,Energy Direction
PF,Power Factor,I
RD,RISING DEMAND (KVA),I
AM,AMPS MAXIMUM DEMAND (Amps),I
HT,Height,I
GK,"Gas, kWh",I
GM,"Gas, Cubic Metres",I
HZ,Frequency,I
AS,Real Time Current,I
RE,Reactive kVArh export,E
MD,Reactive MVArh import,I
KH,KVAh,I
KR,Reactive KVAr import demand,I
GF,"Gas, 100s of cubic feet",I
MW,MW Maximum Demand,I
ME,Active MW export demand,E
AI,Active kWh import (Consumption),I
AL,Alarm,I
KW,Active KW import demand,I
KS,Reactive KVAr export demand,E
WT,"Water, cubic feet",I
VS,Real Time Voltage,I
RI,Reactive kVArh import,I
MC,Reactive MVArh export,E
KX,Active KW export demand,E
BP,Pounds,I
AR,Phase Advance Reactive,I
MG,Reactive MVAr export demand,E
KV,KVA Maximum Demand,I
MA,Active MWh export (Generation),E
KA,Kilo Volts,I
AE,Active kWh export (Generation),E
MB,Active MWh import (Consumption),I
MF,Active MW import demand,I
MV,MVA Maximum Demand,I
UN,Unassigned,I
CD,CUMULATIVE DEMAND (KVA),I
RC,Reset Counter,I
MH,Reactive MVAr import demand,I
