ISDEntityM5,MHHSConsumptionComponentClasses,1,F
CCC ID,Market Segment Indicator,Measurement Quantity ID,Consumption Component Indicator,Connection Type Indicator,Settlement Period Quality Indicator
182,A,,L,E,AAE3
131,A,,L,H,A1
174,A,,C,E,EA10
121,A,,L,W,A3
140,A,,L,W,E6
146,A,,L,W,AAE3
133,A,,L,E,A1
121,A,,L,W,A1
138,A,,C,W,E7
127,A,,L,L,A1
136,A,,C,W,E3
162,A,,C,H,EA10
168,A,,C,H,EAE2
128,A,,C,H,A2
140,A,,L,W,EA9
134,A,,C,E,A2
109,S,,L,W,A
172,A,,C,E,EA5
112,S,,C,W,E1
171,A,,L,H,EAE2
129,A,,L,H,A1
140,A,,L,W,E5
161,A,,C,H,EA8
142,A,,C,W,AAE1
174,A,,C,E,EA13
145,A,,L,W,AAE2
156,A,,C,L,EAE1
136,A,,C,W,EA4
174,A,,C,E,EA6
122,A,,C,W,A3
118,S,,C,W,E2
126,A,,C,L,A
160,A,,C,H,EA2
172,A,,C,E,EA3
163,A,,L,H,EA2
103,U,,L,U,A
124,A,,C,L,A
139,A,,L,W,E3
165,A,,L,H,EA6
160,A,,C,H,EA5
181,A,,L,E,AAE1
118,S,,C,W,E1
129,A,,L,H,A3
154,A,,C,L,AAE1
115,S,,L,W,E2
181,A,,L,E,AAE2
167,A,,C,H,AAE3
176,A,,L,E,EA7
155,A,,C,L,AAE3
118,S,,C,W,E0
135,A,,L,E,A2
137,A,,C,W,EA8
179,A,,C,E,AAE3
102,U,,C,U,A
174,A,,C,E,EA12
121,A,,L,W,A
141,A,,L,W,EA10
134,A,,C,E,A1
136,A,,C,W,E2
112,S,,C,W,E6
138,A,,C,W,EA6
151,A,,L,L,EA3
147,A,,L,W,EAE3
165,A,,L,H,EA12
163,A,,L,H,EA4
117,S,,L,W,ZE3
113,S,,C,W,E5
177,A,,L,E,EA6
149,A,,C,L,EA7
127,A,,L,L,A3
158,A,,L,L,AAE3
139,A,,L,W,EA2
119,S,,L,W,ZE3
165,A,,L,H,EA13
137,A,,C,W,EA7
161,A,,C,H,EA7
112,S,,C,W,E0
138,A,,C,W,EA12
118,S,,C,W,ZE1
139,A,,L,W,E2
122,A,,C,W,A
132,A,,C,E,A1
150,A,,C,L,EA11
163,A,,L,H,EA5
112,S,,C,W,E2
120,A,,C,W,A3
150,A,,C,L,EA13
183,A,,L,E,EAE3
159,A,,L,L,EAE3
134,A,,C,E,A3
126,A,,C,L,A2
125,A,,L,L,A1
130,A,,C,H,A
118,S,,C,W,E6
131,A,,L,H,A
114,S,,C,W,E9
137,A,,C,W,E4
132,A,,C,E,A3
125,A,,L,L,A
120,A,,C,W,A
119,S,,L,W,E6
129,A,,L,H,A
153,A,,L,L,EA13
141,A,,L,W,E7
130,A,,C,H,A1
150,A,,C,L,EA12
110,S,,C,W,A
135,A,,L,E,A1
142,A,,C,W,AAE2
161,A,,C,H,EA9
105,U,,L,U,E
118,S,,C,W,ZE2
172,A,,C,E,EA4
153,A,,L,L,EA12
116,S,,L,W,E7
138,A,,C,W,EA11
111,S,,L,W,A
177,A,,L,E,EA13
117,S,,L,W,ZE2
139,A,,L,W,EA4
141,A,,L,W,E9
115,S,,L,W,E0
175,A,,L,E,EA2
159,A,,L,L,EAE2
165,A,,L,H,EA10
120,A,,C,W,A2
171,A,,L,H,EAE1
175,A,,L,E,EA4
136,A,,C,W,EA5
118,S,,C,W,ZE3
119,S,,L,W,ZE2
138,A,,C,W,E9
132,A,,C,E,A2
118,S,,C,W,E3
115,S,,L,W,E6
151,A,,L,L,EA1
133,A,,L,E,A2
116,S,,L,W,E4
138,A,,C,W,ZE3
141,A,,L,W,EA13
162,A,,C,H,EA13
152,A,,L,L,EA9
101,U,,L,U,A
172,A,,C,E,EA2
163,A,,L,H,EA3
141,A,,L,W,EA12
131,A,,L,H,A3
145,A,,L,W,AAE1
137,A,,C,W,E6
164,A,,L,H,EA8
178,A,,C,E,AAE1
156,A,,C,L,EAE3
141,A,,L,W,EA6
171,A,,L,H,EAE3
176,A,,L,E,EA9
138,A,,C,W,EA10
115,S,,L,W,E1
143,A,,C,W,AAE3
162,A,,C,H,EA11
100,U,,C,U,A
162,A,,C,H,EA12
138,A,,C,W,EA13
141,A,,L,W,ZE3
134,A,,C,E,A
148,A,,C,L,EA2
137,A,,C,W,E5
156,A,,C,L,EAE2
123,A,,L,W,A3
149,A,,C,L,EA8
141,A,,L,W,ZE2
126,A,,C,L,A3
117,S,,L,W,E8
115,S,,L,W,E3
169,A,,L,H,AAE1
154,A,,C,L,AAE2
114,S,,C,W,E8
128,A,,C,H,A1
165,A,,L,H,EA11
163,A,,L,H,EA1
159,A,,L,L,EAE1
114,S,,C,W,ZE3
149,A,,C,L,EA9
108,S,,C,W,A
126,A,,C,L,A1
119,S,,L,W,E3
176,A,,L,E,EA8
106,U,,C,U,E
127,A,,L,L,A
153,A,,L,L,EA6
164,A,,L,H,EA7
139,A,,L,W,EA5
141,A,,L,W,EA11
135,A,,L,E,A
138,A,,C,W,E8
128,A,,C,H,A3
135,A,,L,E,A3
131,A,,L,H,A2
136,A,,C,W,EA1
170,A,,L,H,AAE3
152,A,,L,L,EA8
174,A,,C,E,EA11
151,A,,L,L,EA5
148,A,,C,L,EA1
173,A,,C,E,EA8
130,A,,C,H,A2
150,A,,C,L,EA6
122,A,,C,W,A2
141,A,,L,W,E8
168,A,,C,H,EAE3
183,A,,L,E,EAE2
106,U,,C,U,ZE
119,S,,L,W,E2
139,A,,L,W,EA1
104,U,,C,U,E
119,S,,L,W,E1
172,A,,C,E,EA1
136,A,,C,W,EA3
177,A,,L,E,EA11
124,A,,C,L,A3
147,A,,L,W,EAE1
147,A,,L,W,EAE2
114,S,,C,W,ZE2
151,A,,L,L,EA2
148,A,,C,L,EA5
107,U,,L,U,E
152,A,,L,L,EA7
180,A,,C,E,EAE2
124,A,,C,L,A2
173,A,,C,E,EA9
153,A,,L,L,EA11
183,A,,L,E,EAE1
107,U,,L,U,ZE
140,A,,L,W,EA7
148,A,,C,L,EA4
122,A,,C,W,A1
144,A,,C,W,EAE1
112,S,,C,W,E3
136,A,,C,W,EA2
116,S,,L,W,E5
113,S,,C,W,E4
169,A,,L,H,AAE2
139,A,,L,W,EA3
119,S,,L,W,E0
150,A,,C,L,EA10
180,A,,C,E,EAE3
140,A,,L,W,E4
123,A,,L,W,A1
178,A,,C,E,AAE2
123,A,,L,W,A
153,A,,L,L,EA10
140,A,,L,W,EA8
123,A,,L,W,A2
133,A,,L,E,A3
164,A,,L,H,EA9
137,A,,C,W,EA9
177,A,,L,E,EA12
119,S,,L,W,ZE1
138,A,,C,W,ZE2
144,A,,C,W,EAE3
157,A,,L,L,AAE2
132,A,,C,E,A
113,S,,C,W,E7
104,U,,C,U,ZE
125,A,,L,L,A2
168,A,,C,H,EAE1
105,U,,L,U,ZE
160,A,,C,H,EA4
148,A,,C,L,EA3
175,A,,L,E,EA1
130,A,,C,H,A3
177,A,,L,E,EA10
160,A,,C,H,EA1
125,A,,L,L,A3
157,A,,L,L,AAE1
121,A,,L,W,A2
162,A,,C,H,EA6
173,A,,C,E,EA7
175,A,,L,E,EA3
117,S,,L,W,E9
128,A,,C,H,A
175,A,,L,E,EA5
180,A,,C,E,EAE1
127,A,,L,L,A2
166,A,,C,H,AAE2
166,A,,C,H,AAE1
133,A,,L,E,A
120,A,,C,W,A1
129,A,,L,H,A2
144,A,,C,W,EAE2
124,A,,C,L,A1
151,A,,L,L,EA4
160,A,,C,H,EA3
