ISDEntityM19,SettlementPeriodQualityIndicator,1,F
Settlement Period Quality Indicator,Actual/Estimate
EA5,Estimate
AAE1,Actual
A1,Actual
E7,Estimate
ZE3,Estimate
EA6,Estimate
EA7,Estimate
A,Actual
EA1,Estimate
EA4,Estimate
EA11,Estimate
E8,Estimate
ZE2,Estimate
EA12,Estimate
EA10,Estimate
EAE3,Estimate
E,Estimate
ZE,Estimate
EA9,Estimate
EA8,Estimate
E6,Estimate based on Actual Read
EA3,Estimate
E3,Estimate based on Actual Read
E1,Estimate
EAE2,Estimate
A2,Actual
EAE1,Estimate
AAE2,Actual
E5,Estimate
EA2,Estimate
E0,Estimate
AAE3,Actual
ZE1,Estimate
A3,Actual
E2,Estimate based on Actual Read
EA13,Estimate
E4,Estimate
E9,Estimate
