ISDEntityM8,ValidMarketSegmentMeteringServiceMapping,1,F
Market Segment Indicator,Metering Service ID {MS ID},Effective From Date {MS ID},Effective To Date {MS ID}
S,AESM,2024-01-01,
S,UMOL,2024-01-01,
A,BMET,2024-01-01,
S,EMEB,2024-01-01,
S,MHHS,2024-01-01,
A,NATP,2024-01-01,
S,MIDE,2024-01-01,
S,BARB,2024-01-01,
A,UMOL,2024-01-01,
A,AMPE,2024-01-01,
A,ASLH,2024-01-01,
A,UPLD,2024-01-01,
A,ANGE,2024-01-01,
A,UPLH,2024-01-01,
S,AMSL,2024-01-01,
A,UKDC,2024-01-01,
A,TILL,2024-01-01,
A,SWEB,2024-01-01,
A,ALAB,2024-01-01,
S,ALBU,2024-01-01,
S,BGAS,2024-01-01,
S,LOND,2024-01-01,
A,LOND,2024-01-01,
A,BESL,2024-01-01,
S,BELS,2024-01-01,
S,IHTL,2024-01-01,
A,ACCU,2024-01-01,
A,OESL,2024-01-01,
S,BIZZ,2024-01-01,
S,AZAC,2024-01-01,
S,BMET,2024-01-01,
A,BGAS,2024-01-01,
A,ACTA,2024-01-01,
S,TILL,2024-01-01,
A,ARIZ,2024-01-01,
S,SWEB,2024-01-01,
A,EMEB,2024-01-01,
S,UPLH,2024-01-01,
A,MIDE,2024-01-01,
A,BCFC,2024-01-01,
S,BLBL,2024-01-01,
S,OESL,2024-01-01,
A,MHHS,2024-01-01,
S,ACCU,2024-01-01,
S,UPLD,2024-01-01,
S,UKDC,2024-01-01,
