ISDEntityM7,ValidMarketSegmentConnectionMeterTypeMeterGroup,1,F
Market Segment Indicator,Connection Type Indicator,Meter Type,Meter Group
A,W,LAG_,Advanced
S,W,2BDF,Smart
A,W,NCAMR,Advanced
S,W,T,Traditional
S,W,2CF,Smart
A,W,H,Advanced
S,W,2BEF,Smart
S,W,2ADF,Smart
S,W,S2B,Smart
A,H,H,Advanced
A,W,RCAMY,Advanced
A,H,NCAMR,Advanced
A,H,LAG_,Advanced
S,W,SPECL,Traditional
S,W,S1,Smart
A,H,LEAD_,Advanced
S,W,2AEF,Smart
A,E,RCAMR,Advanced
S,W,K,Traditional
A,E,RCAMY,Advanced
S,W,2CEF,Smart
S,W,2CDEF,Smart
S,W,2BDEF,Smart
A,E,LEAD_,Advanced
A,L,LEAD_,Advanced
A,W,MAIN_,Advanced
A,H,RCAMY,Advanced
S,W,S2ADE,Smart
A,E,H,Advanced
S,W,NSS,Traditional
A,W,LEAD_,Advanced
S,W,N,Traditional
A,L,H,Advanced
A,E,NCAMR,Advanced
A,E,LAG_,Advanced
S,W,S2BDE,Smart
A,E,MAIN_,Advanced
A,L,LAG_,Advanced
U,U,U,Unmetered
S,W,S2BD,Smart
A,L,NCAMR,Advanced
A,L,MAIN_,Advanced
A,H,RCAMR,Advanced
S,W,2CDF,Smart
S,W,S2C,Smart
A,L,RCAMY,Advanced
A,W,RCAMR,Advanced
S,W,S2CD,Smart
S,W,S2CDE,Smart
A,L,RCAMR,Advanced
S,W,S2A,Smart
S,W,S2AD,Smart
A,H,MAIN_,Advanced
S,W,2AF,Smart
S,W,2ADEF,Smart
S,W,2BF,Smart
S,W,S,Traditional
